"unit";"nace_r2";"isco08";"age";"sex";"geo";"X2014"
"INDIC";"B-F";"OC1";"TOTAL";"F";"AT";27.7
"INDIC";"B-F";"OC1";"TOTAL";"F";"BE";31.68
"INDIC";"B-F";"OC1";"TOTAL";"F";"BG";10.04
"INDIC";"B-F";"OC1";"TOTAL";"F";"CY";21.81
"INDIC";"B-F";"OC1";"TOTAL";"F";"CZ";16.33
"INDIC";"B-F";"OC1";"TOTAL";"F";"DE";34.54
"INDIC";"B-F";"OC1";"TOTAL";"F";"DK";30.88
"INDIC";"B-F";"OC1";"TOTAL";"F";"EE";12.31
"INDIC";"B-F";"OC1";"TOTAL";"F";"EL";NA
"INDIC";"B-F";"OC1";"TOTAL";"F";"ES";24.14
"INDIC";"B-F";"OC1";"TOTAL";"F";"FI";32.76
"INDIC";"B-F";"OC1";"TOTAL";"F";"FR";25.41
"INDIC";"B-F";"OC1";"TOTAL";"F";"HR";NA
"INDIC";"B-F";"OC1";"TOTAL";"F";"HU";17.47
"INDIC";"B-F";"OC1";"TOTAL";"F";"IE";24.13
"INDIC";"B-F";"OC1";"TOTAL";"F";"IT";36.96
"INDIC";"B-F";"OC1";"TOTAL";"F";"LT";10.7
"INDIC";"B-F";"OC1";"TOTAL";"F";"LU";29.26
"INDIC";"B-F";"OC1";"TOTAL";"F";"LV";9.12
"INDIC";"B-F";"OC1";"TOTAL";"F";"MT";18.17
"INDIC";"B-F";"OC1";"TOTAL";"F";"NL";26.39
"INDIC";"B-F";"OC1";"TOTAL";"F";"PL";17.55
"INDIC";"B-F";"OC1";"TOTAL";"F";"PT";14.99
"INDIC";"B-F";"OC1";"TOTAL";"F";"RO";11.26
"INDIC";"B-F";"OC1";"TOTAL";"F";"SE";28.27
"INDIC";"B-F";"OC1";"TOTAL";"F";"SI";22.28
"INDIC";"B-F";"OC1";"TOTAL";"F";"SK";14.82
"INDIC";"B-F";"OC1";"TOTAL";"F";"UK";22.88
"INDIC";"B-F";"OC1";"TOTAL";"M";"AT";35.27
"INDIC";"B-F";"OC1";"TOTAL";"M";"BE";36.5
"INDIC";"B-F";"OC1";"TOTAL";"M";"BG";10.91
"INDIC";"B-F";"OC1";"TOTAL";"M";"CY";26.15
"INDIC";"B-F";"OC1";"TOTAL";"M";"CZ";20.31
"INDIC";"B-F";"OC1";"TOTAL";"M";"DE";43.24
"INDIC";"B-F";"OC1";"TOTAL";"M";"DK";36.02
"INDIC";"B-F";"OC1";"TOTAL";"M";"EE";14.69
"INDIC";"B-F";"OC1";"TOTAL";"M";"EL";NA
"INDIC";"B-F";"OC1";"TOTAL";"M";"ES";28.57
"INDIC";"B-F";"OC1";"TOTAL";"M";"FI";35.63
"INDIC";"B-F";"OC1";"TOTAL";"M";"FR";31.76
"INDIC";"B-F";"OC1";"TOTAL";"M";"HR";NA
"INDIC";"B-F";"OC1";"TOTAL";"M";"HU";20.05
"INDIC";"B-F";"OC1";"TOTAL";"M";"IE";28.95
"INDIC";"B-F";"OC1";"TOTAL";"M";"IT";46.19
"INDIC";"B-F";"OC1";"TOTAL";"M";"LT";11.57
"INDIC";"B-F";"OC1";"TOTAL";"M";"LU";38.48
"INDIC";"B-F";"OC1";"TOTAL";"M";"LV";10.67
"INDIC";"B-F";"OC1";"TOTAL";"M";"MT";20.99
"INDIC";"B-F";"OC1";"TOTAL";"M";"NL";31.3
"INDIC";"B-F";"OC1";"TOTAL";"M";"PL";21.11
"INDIC";"B-F";"OC1";"TOTAL";"M";"PT";22.53
"INDIC";"B-F";"OC1";"TOTAL";"M";"RO";12.56
"INDIC";"B-F";"OC1";"TOTAL";"M";"SE";28.96
"INDIC";"B-F";"OC1";"TOTAL";"M";"SI";24.72
"INDIC";"B-F";"OC1";"TOTAL";"M";"SK";18.02
"INDIC";"B-F";"OC1";"TOTAL";"M";"UK";27.39
"INDIC";"B-F";"OC1";"TOTAL";"T";"AT";34.23
"INDIC";"B-F";"OC1";"TOTAL";"T";"BE";35.7
"INDIC";"B-F";"OC1";"TOTAL";"T";"BG";10.68
"INDIC";"B-F";"OC1";"TOTAL";"T";"CY";25.66
"INDIC";"B-F";"OC1";"TOTAL";"T";"CZ";19.69
"INDIC";"B-F";"OC1";"TOTAL";"T";"DE";42.23
"INDIC";"B-F";"OC1";"TOTAL";"T";"DK";35.22
"INDIC";"B-F";"OC1";"TOTAL";"T";"EE";14.16
"INDIC";"B-F";"OC1";"TOTAL";"T";"EL";NA
"INDIC";"B-F";"OC1";"TOTAL";"T";"ES";27.48
"INDIC";"B-F";"OC1";"TOTAL";"T";"FI";35.13
"INDIC";"B-F";"OC1";"TOTAL";"T";"FR";29.98
"INDIC";"B-F";"OC1";"TOTAL";"T";"HR";NA
"INDIC";"B-F";"OC1";"TOTAL";"T";"HU";19.54
"INDIC";"B-F";"OC1";"TOTAL";"T";"IE";27.88
"INDIC";"B-F";"OC1";"TOTAL";"T";"IT";45.49
"INDIC";"B-F";"OC1";"TOTAL";"T";"LT";11.35
"INDIC";"B-F";"OC1";"TOTAL";"T";"LU";37.51
"INDIC";"B-F";"OC1";"TOTAL";"T";"LV";10.2
"INDIC";"B-F";"OC1";"TOTAL";"T";"MT";20.63
"INDIC";"B-F";"OC1";"TOTAL";"T";"NL";30.82
"INDIC";"B-F";"OC1";"TOTAL";"T";"PL";20.17
"INDIC";"B-F";"OC1";"TOTAL";"T";"PT";20.5
"INDIC";"B-F";"OC1";"TOTAL";"T";"RO";12.18
"INDIC";"B-F";"OC1";"TOTAL";"T";"SE";28.84
"INDIC";"B-F";"OC1";"TOTAL";"T";"SI";24.11
"INDIC";"B-F";"OC1";"TOTAL";"T";"SK";17.3
"INDIC";"B-F";"OC1";"TOTAL";"T";"UK";26.71
"INDIC";"B-F";"OC2";"TOTAL";"F";"AT";20.59
"INDIC";"B-F";"OC2";"TOTAL";"F";"BE";24
"INDIC";"B-F";"OC2";"TOTAL";"F";"BG";6.86
"INDIC";"B-F";"OC2";"TOTAL";"F";"CY";14.06
"INDIC";"B-F";"OC2";"TOTAL";"F";"CZ";11.97
"INDIC";"B-F";"OC2";"TOTAL";"F";"DE";27.36
"INDIC";"B-F";"OC2";"TOTAL";"F";"DK";28.37
"INDIC";"B-F";"OC2";"TOTAL";"F";"EE";10.11
"INDIC";"B-F";"OC2";"TOTAL";"F";"EL";NA
"INDIC";"B-F";"OC2";"TOTAL";"F";"ES";17.28
"INDIC";"B-F";"OC2";"TOTAL";"F";"FI";21.82
"INDIC";"B-F";"OC2";"TOTAL";"F";"FR";23.09
"INDIC";"B-F";"OC2";"TOTAL";"F";"HR";NA
"INDIC";"B-F";"OC2";"TOTAL";"F";"HU";14.54
"INDIC";"B-F";"OC2";"TOTAL";"F";"IE";23.07
"INDIC";"B-F";"OC2";"TOTAL";"F";"IT";17.21
"INDIC";"B-F";"OC2";"TOTAL";"F";"LT";7.17
"INDIC";"B-F";"OC2";"TOTAL";"F";"LU";22.36
"INDIC";"B-F";"OC2";"TOTAL";"F";"LV";7.73
"INDIC";"B-F";"OC2";"TOTAL";"F";"MT";14.77
"INDIC";"B-F";"OC2";"TOTAL";"F";"NL";20.45
"INDIC";"B-F";"OC2";"TOTAL";"F";"PL";11.03
"INDIC";"B-F";"OC2";"TOTAL";"F";"PT";12.46
"INDIC";"B-F";"OC2";"TOTAL";"F";"RO";7.73
"INDIC";"B-F";"OC2";"TOTAL";"F";"SE";21.16
"INDIC";"B-F";"OC2";"TOTAL";"F";"SI";17.39
"INDIC";"B-F";"OC2";"TOTAL";"F";"SK";10.57
"INDIC";"B-F";"OC2";"TOTAL";"F";"UK";20.64
"INDIC";"B-F";"OC2";"TOTAL";"M";"AT";25.1
"INDIC";"B-F";"OC2";"TOTAL";"M";"BE";25.12
"INDIC";"B-F";"OC2";"TOTAL";"M";"BG";8.83
"INDIC";"B-F";"OC2";"TOTAL";"M";"CY";17.62
"INDIC";"B-F";"OC2";"TOTAL";"M";"CZ";14.11
"INDIC";"B-F";"OC2";"TOTAL";"M";"DE";33.01
"INDIC";"B-F";"OC2";"TOTAL";"M";"DK";29.78
"INDIC";"B-F";"OC2";"TOTAL";"M";"EE";12.79
"INDIC";"B-F";"OC2";"TOTAL";"M";"EL";NA
"INDIC";"B-F";"OC2";"TOTAL";"M";"ES";19.75
"INDIC";"B-F";"OC2";"TOTAL";"M";"FI";22.87
"INDIC";"B-F";"OC2";"TOTAL";"M";"FR";25.23
"INDIC";"B-F";"OC2";"TOTAL";"M";"HR";NA
"INDIC";"B-F";"OC2";"TOTAL";"M";"HU";15.64
"INDIC";"B-F";"OC2";"TOTAL";"M";"IE";27.37
"INDIC";"B-F";"OC2";"TOTAL";"M";"IT";20.57
"INDIC";"B-F";"OC2";"TOTAL";"M";"LT";8.83
"INDIC";"B-F";"OC2";"TOTAL";"M";"LU";26.98
"INDIC";"B-F";"OC2";"TOTAL";"M";"LV";9.17
"INDIC";"B-F";"OC2";"TOTAL";"M";"MT";15.83
"INDIC";"B-F";"OC2";"TOTAL";"M";"NL";23.44
"INDIC";"B-F";"OC2";"TOTAL";"M";"PL";14.18
"INDIC";"B-F";"OC2";"TOTAL";"M";"PT";16.35
"INDIC";"B-F";"OC2";"TOTAL";"M";"RO";8.57
"INDIC";"B-F";"OC2";"TOTAL";"M";"SE";22.69
"INDIC";"B-F";"OC2";"TOTAL";"M";"SI";16.99
"INDIC";"B-F";"OC2";"TOTAL";"M";"SK";12.34
"INDIC";"B-F";"OC2";"TOTAL";"M";"UK";22.09
"INDIC";"B-F";"OC2";"TOTAL";"T";"AT";24.23
"INDIC";"B-F";"OC2";"TOTAL";"T";"BE";24.91
"INDIC";"B-F";"OC2";"TOTAL";"T";"BG";7.86
"INDIC";"B-F";"OC2";"TOTAL";"T";"CY";16.25
"INDIC";"B-F";"OC2";"TOTAL";"T";"CZ";13.56
"INDIC";"B-F";"OC2";"TOTAL";"T";"DE";31.97
"INDIC";"B-F";"OC2";"TOTAL";"T";"DK";29.34
"INDIC";"B-F";"OC2";"TOTAL";"T";"EE";11.67
"INDIC";"B-F";"OC2";"TOTAL";"T";"EL";NA
"INDIC";"B-F";"OC2";"TOTAL";"T";"ES";18.98
"INDIC";"B-F";"OC2";"TOTAL";"T";"FI";22.62
"INDIC";"B-F";"OC2";"TOTAL";"T";"FR";24.84
"INDIC";"B-F";"OC2";"TOTAL";"T";"HR";NA
"INDIC";"B-F";"OC2";"TOTAL";"T";"HU";15.36
"INDIC";"B-F";"OC2";"TOTAL";"T";"IE";26.07
"INDIC";"B-F";"OC2";"TOTAL";"T";"IT";19.61
"INDIC";"B-F";"OC2";"TOTAL";"T";"LT";7.97
"INDIC";"B-F";"OC2";"TOTAL";"T";"LU";25.93
"INDIC";"B-F";"OC2";"TOTAL";"T";"LV";8.53
"INDIC";"B-F";"OC2";"TOTAL";"T";"MT";15.6
"INDIC";"B-F";"OC2";"TOTAL";"T";"NL";22.86
"INDIC";"B-F";"OC2";"TOTAL";"T";"PL";12.94
"INDIC";"B-F";"OC2";"TOTAL";"T";"PT";15.1
"INDIC";"B-F";"OC2";"TOTAL";"T";"RO";8.19
"INDIC";"B-F";"OC2";"TOTAL";"T";"SE";22.25
"INDIC";"B-F";"OC2";"TOTAL";"T";"SI";17.1
"INDIC";"B-F";"OC2";"TOTAL";"T";"SK";11.77
"INDIC";"B-F";"OC2";"TOTAL";"T";"UK";21.83
"INDIC";"B-F";"OC3";"TOTAL";"F";"AT";16.59
"INDIC";"B-F";"OC3";"TOTAL";"F";"BE";18.62
"INDIC";"B-F";"OC3";"TOTAL";"F";"BG";5.47
"INDIC";"B-F";"OC3";"TOTAL";"F";"CY";12.29
"INDIC";"B-F";"OC3";"TOTAL";"F";"CZ";8.59
"INDIC";"B-F";"OC3";"TOTAL";"F";"DE";20.91
"INDIC";"B-F";"OC3";"TOTAL";"F";"DK";20.72
"INDIC";"B-F";"OC3";"TOTAL";"F";"EE";7.55
"INDIC";"B-F";"OC3";"TOTAL";"F";"EL";NA
"INDIC";"B-F";"OC3";"TOTAL";"F";"ES";13.47
"INDIC";"B-F";"OC3";"TOTAL";"F";"FI";16.44
"INDIC";"B-F";"OC3";"TOTAL";"F";"FR";15.99
"INDIC";"B-F";"OC3";"TOTAL";"F";"HR";NA
"INDIC";"B-F";"OC3";"TOTAL";"F";"HU";8.65
"INDIC";"B-F";"OC3";"TOTAL";"F";"IE";18.34
"INDIC";"B-F";"OC3";"TOTAL";"F";"IT";13.53
"INDIC";"B-F";"OC3";"TOTAL";"F";"LT";5.6
"INDIC";"B-F";"OC3";"TOTAL";"F";"LU";18.14
"INDIC";"B-F";"OC3";"TOTAL";"F";"LV";6.16
"INDIC";"B-F";"OC3";"TOTAL";"F";"MT";11.1
"INDIC";"B-F";"OC3";"TOTAL";"F";"NL";17.31
"INDIC";"B-F";"OC3";"TOTAL";"F";"PL";8.82
"INDIC";"B-F";"OC3";"TOTAL";"F";"PT";8.75
"INDIC";"B-F";"OC3";"TOTAL";"F";"RO";5.6
"INDIC";"B-F";"OC3";"TOTAL";"F";"SE";17.42
"INDIC";"B-F";"OC3";"TOTAL";"F";"SI";11.9
"INDIC";"B-F";"OC3";"TOTAL";"F";"SK";8.03
"INDIC";"B-F";"OC3";"TOTAL";"F";"UK";14.96
"INDIC";"B-F";"OC3";"TOTAL";"M";"AT";20.29
"INDIC";"B-F";"OC3";"TOTAL";"M";"BE";19.76
"INDIC";"B-F";"OC3";"TOTAL";"M";"BG";6.72
"INDIC";"B-F";"OC3";"TOTAL";"M";"CY";13.84
"INDIC";"B-F";"OC3";"TOTAL";"M";"CZ";10.76
"INDIC";"B-F";"OC3";"TOTAL";"M";"DE";25.66
"INDIC";"B-F";"OC3";"TOTAL";"M";"DK";24.47
"INDIC";"B-F";"OC3";"TOTAL";"M";"EE";10
"INDIC";"B-F";"OC3";"TOTAL";"M";"EL";NA
"INDIC";"B-F";"OC3";"TOTAL";"M";"ES";16.93
"INDIC";"B-F";"OC3";"TOTAL";"M";"FI";18.33
"INDIC";"B-F";"OC3";"TOTAL";"M";"FR";17.83
"INDIC";"B-F";"OC3";"TOTAL";"M";"HR";NA
"INDIC";"B-F";"OC3";"TOTAL";"M";"HU";10.28
"INDIC";"B-F";"OC3";"TOTAL";"M";"IE";23.1
"INDIC";"B-F";"OC3";"TOTAL";"M";"IT";16.2
"INDIC";"B-F";"OC3";"TOTAL";"M";"LT";7.26
"INDIC";"B-F";"OC3";"TOTAL";"M";"LU";20.21
"INDIC";"B-F";"OC3";"TOTAL";"M";"LV";7.21
"INDIC";"B-F";"OC3";"TOTAL";"M";"MT";12.56
"INDIC";"B-F";"OC3";"TOTAL";"M";"NL";21.28
"INDIC";"B-F";"OC3";"TOTAL";"M";"PL";11.18
"INDIC";"B-F";"OC3";"TOTAL";"M";"PT";10.73
"INDIC";"B-F";"OC3";"TOTAL";"M";"RO";6.58
"INDIC";"B-F";"OC3";"TOTAL";"M";"SE";18.99
"INDIC";"B-F";"OC3";"TOTAL";"M";"SI";13
"INDIC";"B-F";"OC3";"TOTAL";"M";"SK";10.08
"INDIC";"B-F";"OC3";"TOTAL";"M";"UK";16.63
"INDIC";"B-F";"OC3";"TOTAL";"T";"AT";19.63
"INDIC";"B-F";"OC3";"TOTAL";"T";"BE";19.57
"INDIC";"B-F";"OC3";"TOTAL";"T";"BG";6.3
"INDIC";"B-F";"OC3";"TOTAL";"T";"CY";13.38
"INDIC";"B-F";"OC3";"TOTAL";"T";"CZ";9.99
"INDIC";"B-F";"OC3";"TOTAL";"T";"DE";24.57
"INDIC";"B-F";"OC3";"TOTAL";"T";"DK";22.99
"INDIC";"B-F";"OC3";"TOTAL";"T";"EE";8.98
"INDIC";"B-F";"OC3";"TOTAL";"T";"EL";NA
"INDIC";"B-F";"OC3";"TOTAL";"T";"ES";15.99
"INDIC";"B-F";"OC3";"TOTAL";"T";"FI";17.77
"INDIC";"B-F";"OC3";"TOTAL";"T";"FR";17.42
"INDIC";"B-F";"OC3";"TOTAL";"T";"HR";NA
"INDIC";"B-F";"OC3";"TOTAL";"T";"HU";9.58
"INDIC";"B-F";"OC3";"TOTAL";"T";"IE";21.58
"INDIC";"B-F";"OC3";"TOTAL";"T";"IT";15.65
"INDIC";"B-F";"OC3";"TOTAL";"T";"LT";6.54
"INDIC";"B-F";"OC3";"TOTAL";"T";"LU";19.84
"INDIC";"B-F";"OC3";"TOTAL";"T";"LV";6.77
"INDIC";"B-F";"OC3";"TOTAL";"T";"MT";12.28
"INDIC";"B-F";"OC3";"TOTAL";"T";"NL";20.63
"INDIC";"B-F";"OC3";"TOTAL";"T";"PL";10.41
"INDIC";"B-F";"OC3";"TOTAL";"T";"PT";10.23
"INDIC";"B-F";"OC3";"TOTAL";"T";"RO";6.21
"INDIC";"B-F";"OC3";"TOTAL";"T";"SE";18.65
"INDIC";"B-F";"OC3";"TOTAL";"T";"SI";12.62
"INDIC";"B-F";"OC3";"TOTAL";"T";"SK";9.28
"INDIC";"B-F";"OC3";"TOTAL";"T";"UK";16.2
"INDIC";"B-F";"OC4";"TOTAL";"F";"AT";14.25
"INDIC";"B-F";"OC4";"TOTAL";"F";"BE";16.57
"INDIC";"B-F";"OC4";"TOTAL";"F";"BG";3.98
"INDIC";"B-F";"OC4";"TOTAL";"F";"CY";8.18
"INDIC";"B-F";"OC4";"TOTAL";"F";"CZ";7.3
"INDIC";"B-F";"OC4";"TOTAL";"F";"DE";16.63
"INDIC";"B-F";"OC4";"TOTAL";"F";"DK";18.29
"INDIC";"B-F";"OC4";"TOTAL";"F";"EE";6.59
"INDIC";"B-F";"OC4";"TOTAL";"F";"EL";NA
"INDIC";"B-F";"OC4";"TOTAL";"F";"ES";10.8
"INDIC";"B-F";"OC4";"TOTAL";"F";"FI";13.77
"INDIC";"B-F";"OC4";"TOTAL";"F";"FR";13.77
"INDIC";"B-F";"OC4";"TOTAL";"F";"HR";NA
"INDIC";"B-F";"OC4";"TOTAL";"F";"HU";7.53
"INDIC";"B-F";"OC4";"TOTAL";"F";"IE";13.87
"INDIC";"B-F";"OC4";"TOTAL";"F";"IT";12.36
"INDIC";"B-F";"OC4";"TOTAL";"F";"LT";5.07
"INDIC";"B-F";"OC4";"TOTAL";"F";"LU";14.62
"INDIC";"B-F";"OC4";"TOTAL";"F";"LV";5.18
"INDIC";"B-F";"OC4";"TOTAL";"F";"MT";8.68
"INDIC";"B-F";"OC4";"TOTAL";"F";"NL";14.48
"INDIC";"B-F";"OC4";"TOTAL";"F";"PL";7.77
"INDIC";"B-F";"OC4";"TOTAL";"F";"PT";6.94
"INDIC";"B-F";"OC4";"TOTAL";"F";"RO";4.44
"INDIC";"B-F";"OC4";"TOTAL";"F";"SE";14.75
"INDIC";"B-F";"OC4";"TOTAL";"F";"SI";10.01
"INDIC";"B-F";"OC4";"TOTAL";"F";"SK";6.81
"INDIC";"B-F";"OC4";"TOTAL";"F";"UK";11.42
"INDIC";"B-F";"OC4";"TOTAL";"M";"AT";16.65
"INDIC";"B-F";"OC4";"TOTAL";"M";"BE";17.22
"INDIC";"B-F";"OC4";"TOTAL";"M";"BG";4.26
"INDIC";"B-F";"OC4";"TOTAL";"M";"CY";10.3
"INDIC";"B-F";"OC4";"TOTAL";"M";"CZ";8.72
"INDIC";"B-F";"OC4";"TOTAL";"M";"DE";18.79
"INDIC";"B-F";"OC4";"TOTAL";"M";"DK";19.24
"INDIC";"B-F";"OC4";"TOTAL";"M";"EE";8.04
"INDIC";"B-F";"OC4";"TOTAL";"M";"EL";NA
"INDIC";"B-F";"OC4";"TOTAL";"M";"ES";13.3
"INDIC";"B-F";"OC4";"TOTAL";"M";"FI";14.91
"INDIC";"B-F";"OC4";"TOTAL";"M";"FR";13.76
"INDIC";"B-F";"OC4";"TOTAL";"M";"HR";NA
"INDIC";"B-F";"OC4";"TOTAL";"M";"HU";7.88
"INDIC";"B-F";"OC4";"TOTAL";"M";"IE";18.99
"INDIC";"B-F";"OC4";"TOTAL";"M";"IT";14.39
"INDIC";"B-F";"OC4";"TOTAL";"M";"LT";6.05
"INDIC";"B-F";"OC4";"TOTAL";"M";"LU";15.09
"INDIC";"B-F";"OC4";"TOTAL";"M";"LV";6.29
"INDIC";"B-F";"OC4";"TOTAL";"M";"MT";8.97
"INDIC";"B-F";"OC4";"TOTAL";"M";"NL";16.76
"INDIC";"B-F";"OC4";"TOTAL";"M";"PL";7.99
"INDIC";"B-F";"OC4";"TOTAL";"M";"PT";7.69
"INDIC";"B-F";"OC4";"TOTAL";"M";"RO";5.07
"INDIC";"B-F";"OC4";"TOTAL";"M";"SE";15.13
"INDIC";"B-F";"OC4";"TOTAL";"M";"SI";9.52
"INDIC";"B-F";"OC4";"TOTAL";"M";"SK";7.69
"INDIC";"B-F";"OC4";"TOTAL";"M";"UK";13.03
"INDIC";"B-F";"OC4";"TOTAL";"T";"AT";15.09
"INDIC";"B-F";"OC4";"TOTAL";"T";"BE";16.88
"INDIC";"B-F";"OC4";"TOTAL";"T";"BG";4.06
"INDIC";"B-F";"OC4";"TOTAL";"T";"CY";8.75
"INDIC";"B-F";"OC4";"TOTAL";"T";"CZ";7.7
"INDIC";"B-F";"OC4";"TOTAL";"T";"DE";17.59
"INDIC";"B-F";"OC4";"TOTAL";"T";"DK";18.6
"INDIC";"B-F";"OC4";"TOTAL";"T";"EE";7.04
"INDIC";"B-F";"OC4";"TOTAL";"T";"EL";NA
"INDIC";"B-F";"OC4";"TOTAL";"T";"ES";11.92
"INDIC";"B-F";"OC4";"TOTAL";"T";"FI";14.06
"INDIC";"B-F";"OC4";"TOTAL";"T";"FR";13.77
"INDIC";"B-F";"OC4";"TOTAL";"T";"HR";NA
"INDIC";"B-F";"OC4";"TOTAL";"T";"HU";7.6
"INDIC";"B-F";"OC4";"TOTAL";"T";"IE";15.1
"INDIC";"B-F";"OC4";"TOTAL";"T";"IT";13.39
"INDIC";"B-F";"OC4";"TOTAL";"T";"LT";5.38
"INDIC";"B-F";"OC4";"TOTAL";"T";"LU";14.84
"INDIC";"B-F";"OC4";"TOTAL";"T";"LV";5.45
"INDIC";"B-F";"OC4";"TOTAL";"T";"MT";8.84
"INDIC";"B-F";"OC4";"TOTAL";"T";"NL";15.84
"INDIC";"B-F";"OC4";"TOTAL";"T";"PL";7.88
"INDIC";"B-F";"OC4";"TOTAL";"T";"PT";7.27
"INDIC";"B-F";"OC4";"TOTAL";"T";"RO";4.66
"INDIC";"B-F";"OC4";"TOTAL";"T";"SE";14.91
"INDIC";"B-F";"OC4";"TOTAL";"T";"SI";9.78
"INDIC";"B-F";"OC4";"TOTAL";"T";"SK";7.15
"INDIC";"B-F";"OC4";"TOTAL";"T";"UK";11.98
"INDIC";"B-F";"OC5";"TOTAL";"F";"AT";9.91
"INDIC";"B-F";"OC5";"TOTAL";"F";"BE";13.58
"INDIC";"B-F";"OC5";"TOTAL";"F";"BG";2.63
"INDIC";"B-F";"OC5";"TOTAL";"F";"CY";NA
"INDIC";"B-F";"OC5";"TOTAL";"F";"CZ";4.77
"INDIC";"B-F";"OC5";"TOTAL";"F";"DE";9.87
"INDIC";"B-F";"OC5";"TOTAL";"F";"DK";12.95
"INDIC";"B-F";"OC5";"TOTAL";"F";"EE";5.05
"INDIC";"B-F";"OC5";"TOTAL";"F";"EL";NA
"INDIC";"B-F";"OC5";"TOTAL";"F";"ES";7.8
"INDIC";"B-F";"OC5";"TOTAL";"F";"FI";13.05
"INDIC";"B-F";"OC5";"TOTAL";"F";"FR";10.95
"INDIC";"B-F";"OC5";"TOTAL";"F";"HR";NA
"INDIC";"B-F";"OC5";"TOTAL";"F";"HU";6.1
"INDIC";"B-F";"OC5";"TOTAL";"F";"IE";13.13
"INDIC";"B-F";"OC5";"TOTAL";"F";"IT";11.66
"INDIC";"B-F";"OC5";"TOTAL";"F";"LT";3.44
"INDIC";"B-F";"OC5";"TOTAL";"F";"LU";10.39
"INDIC";"B-F";"OC5";"TOTAL";"F";"LV";3.66
"INDIC";"B-F";"OC5";"TOTAL";"F";"MT";8.88
"INDIC";"B-F";"OC5";"TOTAL";"F";"NL";11.3
"INDIC";"B-F";"OC5";"TOTAL";"F";"PL";5.22
"INDIC";"B-F";"OC5";"TOTAL";"F";"PT";5.59
"INDIC";"B-F";"OC5";"TOTAL";"F";"RO";2.8
"INDIC";"B-F";"OC5";"TOTAL";"F";"SE";13.87
"INDIC";"B-F";"OC5";"TOTAL";"F";"SI";7.53
"INDIC";"B-F";"OC5";"TOTAL";"F";"SK";4.73
"INDIC";"B-F";"OC5";"TOTAL";"F";"UK";10.11
"INDIC";"B-F";"OC5";"TOTAL";"M";"AT";15.87
"INDIC";"B-F";"OC5";"TOTAL";"M";"BE";16.02
"INDIC";"B-F";"OC5";"TOTAL";"M";"BG";2.87
"INDIC";"B-F";"OC5";"TOTAL";"M";"CY";7.34
"INDIC";"B-F";"OC5";"TOTAL";"M";"CZ";6.72
"INDIC";"B-F";"OC5";"TOTAL";"M";"DE";17.76
"INDIC";"B-F";"OC5";"TOTAL";"M";"DK";18.96
"INDIC";"B-F";"OC5";"TOTAL";"M";"EE";5.24
"INDIC";"B-F";"OC5";"TOTAL";"M";"EL";NA
"INDIC";"B-F";"OC5";"TOTAL";"M";"ES";11.97
"INDIC";"B-F";"OC5";"TOTAL";"M";"FI";14.36
"INDIC";"B-F";"OC5";"TOTAL";"M";"FR";13.2
"INDIC";"B-F";"OC5";"TOTAL";"M";"HR";NA
"INDIC";"B-F";"OC5";"TOTAL";"M";"HU";6.83
"INDIC";"B-F";"OC5";"TOTAL";"M";"IE";15.53
"INDIC";"B-F";"OC5";"TOTAL";"M";"IT";15.57
"INDIC";"B-F";"OC5";"TOTAL";"M";"LT";5.6
"INDIC";"B-F";"OC5";"TOTAL";"M";"LU";14.46
"INDIC";"B-F";"OC5";"TOTAL";"M";"LV";4.75
"INDIC";"B-F";"OC5";"TOTAL";"M";"MT";9.04
"INDIC";"B-F";"OC5";"TOTAL";"M";"NL";14.66
"INDIC";"B-F";"OC5";"TOTAL";"M";"PL";6.69
"INDIC";"B-F";"OC5";"TOTAL";"M";"PT";7.2
"INDIC";"B-F";"OC5";"TOTAL";"M";"RO";3.44
"INDIC";"B-F";"OC5";"TOTAL";"M";"SE";14.91
"INDIC";"B-F";"OC5";"TOTAL";"M";"SI";9.95
"INDIC";"B-F";"OC5";"TOTAL";"M";"SK";6.61
"INDIC";"B-F";"OC5";"TOTAL";"M";"UK";12.4
"INDIC";"B-F";"OC5";"TOTAL";"T";"AT";11.96
"INDIC";"B-F";"OC5";"TOTAL";"T";"BE";15.07
"INDIC";"B-F";"OC5";"TOTAL";"T";"BG";2.73
"INDIC";"B-F";"OC5";"TOTAL";"T";"CY";NA
"INDIC";"B-F";"OC5";"TOTAL";"T";"CZ";5.5
"INDIC";"B-F";"OC5";"TOTAL";"T";"DE";11.79
"INDIC";"B-F";"OC5";"TOTAL";"T";"DK";15.18
"INDIC";"B-F";"OC5";"TOTAL";"T";"EE";5.12
"INDIC";"B-F";"OC5";"TOTAL";"T";"EL";NA
"INDIC";"B-F";"OC5";"TOTAL";"T";"ES";9.8
"INDIC";"B-F";"OC5";"TOTAL";"T";"FI";13.66
"INDIC";"B-F";"OC5";"TOTAL";"T";"FR";11.62
"INDIC";"B-F";"OC5";"TOTAL";"T";"HR";NA
"INDIC";"B-F";"OC5";"TOTAL";"T";"HU";6.71
"INDIC";"B-F";"OC5";"TOTAL";"T";"IE";14.49
"INDIC";"B-F";"OC5";"TOTAL";"T";"IT";13.62
"INDIC";"B-F";"OC5";"TOTAL";"T";"LT";4.08
"INDIC";"B-F";"OC5";"TOTAL";"T";"LU";11.94
"INDIC";"B-F";"OC5";"TOTAL";"T";"LV";4.12
"INDIC";"B-F";"OC5";"TOTAL";"T";"MT";9.01
"INDIC";"B-F";"OC5";"TOTAL";"T";"NL";12.86
"INDIC";"B-F";"OC5";"TOTAL";"T";"PL";5.72
"INDIC";"B-F";"OC5";"TOTAL";"T";"PT";6.46
"INDIC";"B-F";"OC5";"TOTAL";"T";"RO";3.04
"INDIC";"B-F";"OC5";"TOTAL";"T";"SE";14.64
"INDIC";"B-F";"OC5";"TOTAL";"T";"SI";8.83
"INDIC";"B-F";"OC5";"TOTAL";"T";"SK";5.86
"INDIC";"B-F";"OC5";"TOTAL";"T";"UK";11.2
"INDIC";"B-F";"OC6";"TOTAL";"F";"BG";2.31
"INDIC";"B-F";"OC6";"TOTAL";"F";"CZ";5.21
"INDIC";"B-F";"OC6";"TOTAL";"F";"DE";12.14
"INDIC";"B-F";"OC6";"TOTAL";"F";"DK";19.45
"INDIC";"B-F";"OC6";"TOTAL";"F";"EE";NA
"INDIC";"B-F";"OC6";"TOTAL";"F";"EL";NA
"INDIC";"B-F";"OC6";"TOTAL";"F";"ES";NA
"INDIC";"B-F";"OC6";"TOTAL";"F";"FI";10.27
"INDIC";"B-F";"OC6";"TOTAL";"F";"FR";NA
"INDIC";"B-F";"OC6";"TOTAL";"F";"HR";NA
"INDIC";"B-F";"OC6";"TOTAL";"F";"HU";5.15
"INDIC";"B-F";"OC6";"TOTAL";"F";"IE";NA
"INDIC";"B-F";"OC6";"TOTAL";"F";"IT";NA
"INDIC";"B-F";"OC6";"TOTAL";"F";"LT";NA
"INDIC";"B-F";"OC6";"TOTAL";"F";"LU";NA
"INDIC";"B-F";"OC6";"TOTAL";"F";"LV";4.17
"INDIC";"B-F";"OC6";"TOTAL";"F";"MT";NA
"INDIC";"B-F";"OC6";"TOTAL";"F";"NL";9.92
"INDIC";"B-F";"OC6";"TOTAL";"F";"PL";5.68
"INDIC";"B-F";"OC6";"TOTAL";"F";"PT";4.83
"INDIC";"B-F";"OC6";"TOTAL";"F";"RO";3.07
"INDIC";"B-F";"OC6";"TOTAL";"F";"SE";NA
"INDIC";"B-F";"OC6";"TOTAL";"F";"SI";7.96
"INDIC";"B-F";"OC6";"TOTAL";"F";"SK";5.28
"INDIC";"B-F";"OC6";"TOTAL";"F";"UK";NA
"INDIC";"B-F";"OC6";"TOTAL";"M";"BG";2.45
"INDIC";"B-F";"OC6";"TOTAL";"M";"CY";NA
"INDIC";"B-F";"OC6";"TOTAL";"M";"CZ";5.77
"INDIC";"B-F";"OC6";"TOTAL";"M";"DE";14.89
"INDIC";"B-F";"OC6";"TOTAL";"M";"DK";18.92
"INDIC";"B-F";"OC6";"TOTAL";"M";"EE";NA
"INDIC";"B-F";"OC6";"TOTAL";"M";"EL";NA
"INDIC";"B-F";"OC6";"TOTAL";"M";"ES";9.94
"INDIC";"B-F";"OC6";"TOTAL";"M";"FI";10.37
"INDIC";"B-F";"OC6";"TOTAL";"M";"FR";6.86
"INDIC";"B-F";"OC6";"TOTAL";"M";"HR";NA
"INDIC";"B-F";"OC6";"TOTAL";"M";"HU";7.33
"INDIC";"B-F";"OC6";"TOTAL";"M";"IE";NA
"INDIC";"B-F";"OC6";"TOTAL";"M";"IT";9.47
"INDIC";"B-F";"OC6";"TOTAL";"M";"LT";NA
"INDIC";"B-F";"OC6";"TOTAL";"M";"LU";NA
"INDIC";"B-F";"OC6";"TOTAL";"M";"LV";4.25
"INDIC";"B-F";"OC6";"TOTAL";"M";"MT";NA
"INDIC";"B-F";"OC6";"TOTAL";"M";"NL";10.88
"INDIC";"B-F";"OC6";"TOTAL";"M";"PL";6.43
"INDIC";"B-F";"OC6";"TOTAL";"M";"PT";6.01
"INDIC";"B-F";"OC6";"TOTAL";"M";"RO";2.52
"INDIC";"B-F";"OC6";"TOTAL";"M";"SE";NA
"INDIC";"B-F";"OC6";"TOTAL";"M";"SI";6.88
"INDIC";"B-F";"OC6";"TOTAL";"M";"SK";6.4
"INDIC";"B-F";"OC6";"TOTAL";"M";"UK";9.61
"INDIC";"B-F";"OC6";"TOTAL";"T";"BG";2.4
"INDIC";"B-F";"OC6";"TOTAL";"T";"CY";NA
"INDIC";"B-F";"OC6";"TOTAL";"T";"CZ";5.65
"INDIC";"B-F";"OC6";"TOTAL";"T";"DE";14.65
"INDIC";"B-F";"OC6";"TOTAL";"T";"DK";19.05
"INDIC";"B-F";"OC6";"TOTAL";"T";"EE";NA
"INDIC";"B-F";"OC6";"TOTAL";"T";"EL";NA
"INDIC";"B-F";"OC6";"TOTAL";"T";"ES";9.99
"INDIC";"B-F";"OC6";"TOTAL";"T";"FI";10.33
"INDIC";"B-F";"OC6";"TOTAL";"T";"FR";7.1
"INDIC";"B-F";"OC6";"TOTAL";"T";"HR";NA
"INDIC";"B-F";"OC6";"TOTAL";"T";"HU";6.46
"INDIC";"B-F";"OC6";"TOTAL";"T";"IE";NA
"INDIC";"B-F";"OC6";"TOTAL";"T";"IT";9.46
"INDIC";"B-F";"OC6";"TOTAL";"T";"LT";NA
"INDIC";"B-F";"OC6";"TOTAL";"T";"LU";NA
"INDIC";"B-F";"OC6";"TOTAL";"T";"LV";4.23
"INDIC";"B-F";"OC6";"TOTAL";"T";"MT";NA
"INDIC";"B-F";"OC6";"TOTAL";"T";"NL";10.84
"INDIC";"B-F";"OC6";"TOTAL";"T";"PL";6.25
"INDIC";"B-F";"OC6";"TOTAL";"T";"PT";5.8
"INDIC";"B-F";"OC6";"TOTAL";"T";"RO";2.63
"INDIC";"B-F";"OC6";"TOTAL";"T";"SE";NA
"INDIC";"B-F";"OC6";"TOTAL";"T";"SI";7.07
"INDIC";"B-F";"OC6";"TOTAL";"T";"SK";6.06
"INDIC";"B-F";"OC6";"TOTAL";"T";"UK";9.59
"INDIC";"B-F";"OC7";"TOTAL";"F";"AT";10.65
"INDIC";"B-F";"OC7";"TOTAL";"F";"BE";13.88
"INDIC";"B-F";"OC7";"TOTAL";"F";"BG";3.19
"INDIC";"B-F";"OC7";"TOTAL";"F";"CY";6.52
"INDIC";"B-F";"OC7";"TOTAL";"F";"CZ";5.59
"INDIC";"B-F";"OC7";"TOTAL";"F";"DE";13.81
"INDIC";"B-F";"OC7";"TOTAL";"F";"DK";17.46
"INDIC";"B-F";"OC7";"TOTAL";"F";"EE";5.31
"INDIC";"B-F";"OC7";"TOTAL";"F";"EL";NA
"INDIC";"B-F";"OC7";"TOTAL";"F";"ES";9.66
"INDIC";"B-F";"OC7";"TOTAL";"F";"FI";13
"INDIC";"B-F";"OC7";"TOTAL";"F";"FR";11.21
"INDIC";"B-F";"OC7";"TOTAL";"F";"HR";NA
"INDIC";"B-F";"OC7";"TOTAL";"F";"HU";5.2
"INDIC";"B-F";"OC7";"TOTAL";"F";"IE";13.12
"INDIC";"B-F";"OC7";"TOTAL";"F";"IT";9.88
"INDIC";"B-F";"OC7";"TOTAL";"F";"LT";4.32
"INDIC";"B-F";"OC7";"TOTAL";"F";"LU";11.45
"INDIC";"B-F";"OC7";"TOTAL";"F";"LV";4.26
"INDIC";"B-F";"OC7";"TOTAL";"F";"MT";9.54
"INDIC";"B-F";"OC7";"TOTAL";"F";"NL";11.11
"INDIC";"B-F";"OC7";"TOTAL";"F";"PL";5.51
"INDIC";"B-F";"OC7";"TOTAL";"F";"PT";4.66
"INDIC";"B-F";"OC7";"TOTAL";"F";"RO";3.82
"INDIC";"B-F";"OC7";"TOTAL";"F";"SE";14.19
"INDIC";"B-F";"OC7";"TOTAL";"F";"SI";6.96
"INDIC";"B-F";"OC7";"TOTAL";"F";"SK";5.19
"INDIC";"B-F";"OC7";"TOTAL";"F";"UK";10.26
"INDIC";"B-F";"OC7";"TOTAL";"M";"AT";14.1
"INDIC";"B-F";"OC7";"TOTAL";"M";"BE";14.73
"INDIC";"B-F";"OC7";"TOTAL";"M";"BG";4.9
"INDIC";"B-F";"OC7";"TOTAL";"M";"CY";9.9
"INDIC";"B-F";"OC7";"TOTAL";"M";"CZ";7.68
"INDIC";"B-F";"OC7";"TOTAL";"M";"DE";17.17
"INDIC";"B-F";"OC7";"TOTAL";"M";"DK";20.19
"INDIC";"B-F";"OC7";"TOTAL";"M";"EE";8.1
"INDIC";"B-F";"OC7";"TOTAL";"M";"EL";NA
"INDIC";"B-F";"OC7";"TOTAL";"M";"ES";11.95
"INDIC";"B-F";"OC7";"TOTAL";"M";"FI";15.11
"INDIC";"B-F";"OC7";"TOTAL";"M";"FR";13.31
"INDIC";"B-F";"OC7";"TOTAL";"M";"HR";NA
"INDIC";"B-F";"OC7";"TOTAL";"M";"HU";6.7
"INDIC";"B-F";"OC7";"TOTAL";"M";"IE";17.57
"INDIC";"B-F";"OC7";"TOTAL";"M";"IT";12.17
"INDIC";"B-F";"OC7";"TOTAL";"M";"LT";5.48
"INDIC";"B-F";"OC7";"TOTAL";"M";"LU";13.49
"INDIC";"B-F";"OC7";"TOTAL";"M";"LV";6.06
"INDIC";"B-F";"OC7";"TOTAL";"M";"MT";9.88
"INDIC";"B-F";"OC7";"TOTAL";"M";"NL";15.21
"INDIC";"B-F";"OC7";"TOTAL";"M";"PL";8.04
"INDIC";"B-F";"OC7";"TOTAL";"M";"PT";6.41
"INDIC";"B-F";"OC7";"TOTAL";"M";"RO";4.56
"INDIC";"B-F";"OC7";"TOTAL";"M";"SE";15.73
"INDIC";"B-F";"OC7";"TOTAL";"M";"SI";8.79
"INDIC";"B-F";"OC7";"TOTAL";"M";"SK";7.45
"INDIC";"B-F";"OC7";"TOTAL";"M";"UK";13.64
"INDIC";"B-F";"OC7";"TOTAL";"T";"AT";13.91
"INDIC";"B-F";"OC7";"TOTAL";"T";"BE";14.68
"INDIC";"B-F";"OC7";"TOTAL";"T";"BG";4.33
"INDIC";"B-F";"OC7";"TOTAL";"T";"CY";9.79
"INDIC";"B-F";"OC7";"TOTAL";"T";"CZ";7.33
"INDIC";"B-F";"OC7";"TOTAL";"T";"DE";16.92
"INDIC";"B-F";"OC7";"TOTAL";"T";"DK";20.02
"INDIC";"B-F";"OC7";"TOTAL";"T";"EE";7.41
"INDIC";"B-F";"OC7";"TOTAL";"T";"EL";NA
"INDIC";"B-F";"OC7";"TOTAL";"T";"ES";11.74
"INDIC";"B-F";"OC7";"TOTAL";"T";"FI";14.92
"INDIC";"B-F";"OC7";"TOTAL";"T";"FR";13.15
"INDIC";"B-F";"OC7";"TOTAL";"T";"HR";NA
"INDIC";"B-F";"OC7";"TOTAL";"T";"HU";6.46
"INDIC";"B-F";"OC7";"TOTAL";"T";"IE";17.14
"INDIC";"B-F";"OC7";"TOTAL";"T";"IT";11.84
"INDIC";"B-F";"OC7";"TOTAL";"T";"LT";5.17
"INDIC";"B-F";"OC7";"TOTAL";"T";"LU";13.45
"INDIC";"B-F";"OC7";"TOTAL";"T";"LV";5.68
"INDIC";"B-F";"OC7";"TOTAL";"T";"MT";9.86
"INDIC";"B-F";"OC7";"TOTAL";"T";"NL";15.03
"INDIC";"B-F";"OC7";"TOTAL";"T";"PL";7.58
"INDIC";"B-F";"OC7";"TOTAL";"T";"PT";5.92
"INDIC";"B-F";"OC7";"TOTAL";"T";"RO";4.37
"INDIC";"B-F";"OC7";"TOTAL";"T";"SE";15.65
"INDIC";"B-F";"OC7";"TOTAL";"T";"SI";8.56
"INDIC";"B-F";"OC7";"TOTAL";"T";"SK";6.97
"INDIC";"B-F";"OC7";"TOTAL";"T";"UK";13.46
"INDIC";"B-F";"OC8";"TOTAL";"F";"AT";11.44
"INDIC";"B-F";"OC8";"TOTAL";"F";"BE";14.84
"INDIC";"B-F";"OC8";"TOTAL";"F";"BG";3.26
"INDIC";"B-F";"OC8";"TOTAL";"F";"CY";8.39
"INDIC";"B-F";"OC8";"TOTAL";"F";"CZ";5.98
"INDIC";"B-F";"OC8";"TOTAL";"F";"DE";13.54
"INDIC";"B-F";"OC8";"TOTAL";"F";"DK";17.66
"INDIC";"B-F";"OC8";"TOTAL";"F";"EE";5.42
"INDIC";"B-F";"OC8";"TOTAL";"F";"EL";NA
"INDIC";"B-F";"OC8";"TOTAL";"F";"ES";9.38
"INDIC";"B-F";"OC8";"TOTAL";"F";"FI";13.32
"INDIC";"B-F";"OC8";"TOTAL";"F";"FR";11.47
"INDIC";"B-F";"OC8";"TOTAL";"F";"HR";NA
"INDIC";"B-F";"OC8";"TOTAL";"F";"HU";5.32
"INDIC";"B-F";"OC8";"TOTAL";"F";"IE";13.68
"INDIC";"B-F";"OC8";"TOTAL";"F";"IT";10.02
"INDIC";"B-F";"OC8";"TOTAL";"F";"LT";4.71
"INDIC";"B-F";"OC8";"TOTAL";"F";"LU";11.19
"INDIC";"B-F";"OC8";"TOTAL";"F";"LV";4.41
"INDIC";"B-F";"OC8";"TOTAL";"F";"MT";8.83
"INDIC";"B-F";"OC8";"TOTAL";"F";"NL";11.91
"INDIC";"B-F";"OC8";"TOTAL";"F";"PL";6.41
"INDIC";"B-F";"OC8";"TOTAL";"F";"PT";4.66
"INDIC";"B-F";"OC8";"TOTAL";"F";"RO";3.77
"INDIC";"B-F";"OC8";"TOTAL";"F";"SE";14.57
"INDIC";"B-F";"OC8";"TOTAL";"F";"SI";7.02
"INDIC";"B-F";"OC8";"TOTAL";"F";"SK";5.54
"INDIC";"B-F";"OC8";"TOTAL";"F";"UK";8.97
"INDIC";"B-F";"OC8";"TOTAL";"M";"AT";14.82
"INDIC";"B-F";"OC8";"TOTAL";"M";"BE";15.68
"INDIC";"B-F";"OC8";"TOTAL";"M";"BG";4.44
"INDIC";"B-F";"OC8";"TOTAL";"M";"CY";10.76
"INDIC";"B-F";"OC8";"TOTAL";"M";"CZ";7.58
"INDIC";"B-F";"OC8";"TOTAL";"M";"DE";17.39
"INDIC";"B-F";"OC8";"TOTAL";"M";"DK";19.91
"INDIC";"B-F";"OC8";"TOTAL";"M";"EE";7.96
"INDIC";"B-F";"OC8";"TOTAL";"M";"EL";NA
"INDIC";"B-F";"OC8";"TOTAL";"M";"ES";12.63
"INDIC";"B-F";"OC8";"TOTAL";"M";"FI";15.78
"INDIC";"B-F";"OC8";"TOTAL";"M";"FR";13.37
"INDIC";"B-F";"OC8";"TOTAL";"M";"HR";NA
"INDIC";"B-F";"OC8";"TOTAL";"M";"HU";6.69
"INDIC";"B-F";"OC8";"TOTAL";"M";"IE";17.65
"INDIC";"B-F";"OC8";"TOTAL";"M";"IT";12.2
"INDIC";"B-F";"OC8";"TOTAL";"M";"LT";6.27
"INDIC";"B-F";"OC8";"TOTAL";"M";"LU";14.75
"INDIC";"B-F";"OC8";"TOTAL";"M";"LV";5.87
"INDIC";"B-F";"OC8";"TOTAL";"M";"MT";9.92
"INDIC";"B-F";"OC8";"TOTAL";"M";"NL";14.79
"INDIC";"B-F";"OC8";"TOTAL";"M";"PL";8.58
"INDIC";"B-F";"OC8";"TOTAL";"M";"PT";6.66
"INDIC";"B-F";"OC8";"TOTAL";"M";"RO";4.88
"INDIC";"B-F";"OC8";"TOTAL";"M";"SE";15.89
"INDIC";"B-F";"OC8";"TOTAL";"M";"SI";9.25
"INDIC";"B-F";"OC8";"TOTAL";"M";"SK";7.37
"INDIC";"B-F";"OC8";"TOTAL";"M";"UK";11.91
"INDIC";"B-F";"OC8";"TOTAL";"T";"AT";14.25
"INDIC";"B-F";"OC8";"TOTAL";"T";"BE";15.52
"INDIC";"B-F";"OC8";"TOTAL";"T";"BG";3.96
"INDIC";"B-F";"OC8";"TOTAL";"T";"CY";10.53
"INDIC";"B-F";"OC8";"TOTAL";"T";"CZ";6.97
"INDIC";"B-F";"OC8";"TOTAL";"T";"DE";16.63
"INDIC";"B-F";"OC8";"TOTAL";"T";"DK";19.37
"INDIC";"B-F";"OC8";"TOTAL";"T";"EE";6.84
"INDIC";"B-F";"OC8";"TOTAL";"T";"EL";NA
"INDIC";"B-F";"OC8";"TOTAL";"T";"ES";12
"INDIC";"B-F";"OC8";"TOTAL";"T";"FI";15.21
"INDIC";"B-F";"OC8";"TOTAL";"T";"FR";12.97
"INDIC";"B-F";"OC8";"TOTAL";"T";"HR";NA
"INDIC";"B-F";"OC8";"TOTAL";"T";"HU";6.21
"INDIC";"B-F";"OC8";"TOTAL";"T";"IE";16.46
"INDIC";"B-F";"OC8";"TOTAL";"T";"IT";11.77
"INDIC";"B-F";"OC8";"TOTAL";"T";"LT";5.79
"INDIC";"B-F";"OC8";"TOTAL";"T";"LU";14.29
"INDIC";"B-F";"OC8";"TOTAL";"T";"LV";5.5
"INDIC";"B-F";"OC8";"TOTAL";"T";"MT";9.52
"INDIC";"B-F";"OC8";"TOTAL";"T";"NL";14.51
"INDIC";"B-F";"OC8";"TOTAL";"T";"PL";8.09
"INDIC";"B-F";"OC8";"TOTAL";"T";"PT";5.7
"INDIC";"B-F";"OC8";"TOTAL";"T";"RO";4.4
"INDIC";"B-F";"OC8";"TOTAL";"T";"SE";15.62
"INDIC";"B-F";"OC8";"TOTAL";"T";"SI";8.53
"INDIC";"B-F";"OC8";"TOTAL";"T";"SK";6.67
"INDIC";"B-F";"OC8";"TOTAL";"T";"UK";11.31
"INDIC";"B-F";"OC9";"TOTAL";"F";"AT";10.3
"INDIC";"B-F";"OC9";"TOTAL";"F";"BE";13.81
"INDIC";"B-F";"OC9";"TOTAL";"F";"BG";2.73
"INDIC";"B-F";"OC9";"TOTAL";"F";"CY";6.41
"INDIC";"B-F";"OC9";"TOTAL";"F";"CZ";4.93
"INDIC";"B-F";"OC9";"TOTAL";"F";"DE";10.49
"INDIC";"B-F";"OC9";"TOTAL";"F";"DK";15.62
"INDIC";"B-F";"OC9";"TOTAL";"F";"EE";4.96
"INDIC";"B-F";"OC9";"TOTAL";"F";"EL";NA
"INDIC";"B-F";"OC9";"TOTAL";"F";"ES";8.42
"INDIC";"B-F";"OC9";"TOTAL";"F";"FI";12.05
"INDIC";"B-F";"OC9";"TOTAL";"F";"FR";11.01
"INDIC";"B-F";"OC9";"TOTAL";"F";"HR";NA
"INDIC";"B-F";"OC9";"TOTAL";"F";"HU";4.95
"INDIC";"B-F";"OC9";"TOTAL";"F";"IE";11.83
"INDIC";"B-F";"OC9";"TOTAL";"F";"IT";9.75
"INDIC";"B-F";"OC9";"TOTAL";"F";"LT";3.82
"INDIC";"B-F";"OC9";"TOTAL";"F";"LU";10.42
"INDIC";"B-F";"OC9";"TOTAL";"F";"LV";3.99
"INDIC";"B-F";"OC9";"TOTAL";"F";"MT";7.38
"INDIC";"B-F";"OC9";"TOTAL";"F";"NL";10.14
"INDIC";"B-F";"OC9";"TOTAL";"F";"PL";5.55
"INDIC";"B-F";"OC9";"TOTAL";"F";"PT";4.82
"INDIC";"B-F";"OC9";"TOTAL";"F";"RO";3.02
"INDIC";"B-F";"OC9";"TOTAL";"F";"SE";12.43
"INDIC";"B-F";"OC9";"TOTAL";"F";"SI";6.45
"INDIC";"B-F";"OC9";"TOTAL";"F";"SK";4.59
"INDIC";"B-F";"OC9";"TOTAL";"F";"UK";8.51
"INDIC";"B-F";"OC9";"TOTAL";"M";"AT";12.37
"INDIC";"B-F";"OC9";"TOTAL";"M";"BE";14.04
"INDIC";"B-F";"OC9";"TOTAL";"M";"BG";2.88
"INDIC";"B-F";"OC9";"TOTAL";"M";"CY";8
"INDIC";"B-F";"OC9";"TOTAL";"M";"CZ";5.78
"INDIC";"B-F";"OC9";"TOTAL";"M";"DE";12.56
"INDIC";"B-F";"OC9";"TOTAL";"M";"DK";18.85
"INDIC";"B-F";"OC9";"TOTAL";"M";"EE";6.22
"INDIC";"B-F";"OC9";"TOTAL";"M";"EL";NA
"INDIC";"B-F";"OC9";"TOTAL";"M";"ES";9.97
"INDIC";"B-F";"OC9";"TOTAL";"M";"FI";14.09
"INDIC";"B-F";"OC9";"TOTAL";"M";"FR";11.43
"INDIC";"B-F";"OC9";"TOTAL";"M";"HR";NA
"INDIC";"B-F";"OC9";"TOTAL";"M";"HU";5.11
"INDIC";"B-F";"OC9";"TOTAL";"M";"IE";15.24
"INDIC";"B-F";"OC9";"TOTAL";"M";"IT";11.42
"INDIC";"B-F";"OC9";"TOTAL";"M";"LT";4.19
"INDIC";"B-F";"OC9";"TOTAL";"M";"LU";11.84
"INDIC";"B-F";"OC9";"TOTAL";"M";"LV";4.81
"INDIC";"B-F";"OC9";"TOTAL";"M";"MT";7.98
"INDIC";"B-F";"OC9";"TOTAL";"M";"NL";11.91
"INDIC";"B-F";"OC9";"TOTAL";"M";"PL";6.37
"INDIC";"B-F";"OC9";"TOTAL";"M";"PT";5.44
"INDIC";"B-F";"OC9";"TOTAL";"M";"RO";2.96
"INDIC";"B-F";"OC9";"TOTAL";"M";"SE";13.85
"INDIC";"B-F";"OC9";"TOTAL";"M";"SI";7.49
"INDIC";"B-F";"OC9";"TOTAL";"M";"SK";5.33
"INDIC";"B-F";"OC9";"TOTAL";"M";"UK";10.55
"INDIC";"B-F";"OC9";"TOTAL";"T";"AT";11.73
"INDIC";"B-F";"OC9";"TOTAL";"T";"BE";13.98
"INDIC";"B-F";"OC9";"TOTAL";"T";"BG";2.82
"INDIC";"B-F";"OC9";"TOTAL";"T";"CY";7.41
"INDIC";"B-F";"OC9";"TOTAL";"T";"CZ";5.41
"INDIC";"B-F";"OC9";"TOTAL";"T";"DE";11.68
"INDIC";"B-F";"OC9";"TOTAL";"T";"DK";18.32
"INDIC";"B-F";"OC9";"TOTAL";"T";"EE";5.56
"INDIC";"B-F";"OC9";"TOTAL";"T";"EL";NA
"INDIC";"B-F";"OC9";"TOTAL";"T";"ES";9.58
"INDIC";"B-F";"OC9";"TOTAL";"T";"FI";13.75
"INDIC";"B-F";"OC9";"TOTAL";"T";"FR";11.33
"INDIC";"B-F";"OC9";"TOTAL";"T";"HR";NA
"INDIC";"B-F";"OC9";"TOTAL";"T";"HU";5.05
"INDIC";"B-F";"OC9";"TOTAL";"T";"IE";14.46
"INDIC";"B-F";"OC9";"TOTAL";"T";"IT";11.12
"INDIC";"B-F";"OC9";"TOTAL";"T";"LT";4.03
"INDIC";"B-F";"OC9";"TOTAL";"T";"LU";11.64
"INDIC";"B-F";"OC9";"TOTAL";"T";"LV";4.52
"INDIC";"B-F";"OC9";"TOTAL";"T";"MT";7.88
"INDIC";"B-F";"OC9";"TOTAL";"T";"NL";11.3
"INDIC";"B-F";"OC9";"TOTAL";"T";"PL";6.06
"INDIC";"B-F";"OC9";"TOTAL";"T";"PT";5.19
"INDIC";"B-F";"OC9";"TOTAL";"T";"RO";2.99
"INDIC";"B-F";"OC9";"TOTAL";"T";"SE";13.37
"INDIC";"B-F";"OC9";"TOTAL";"T";"SI";7.11
"INDIC";"B-F";"OC9";"TOTAL";"T";"SK";5.02
"INDIC";"B-F";"OC9";"TOTAL";"T";"UK";10.16
"INDIC";"G-N";"OC1";"TOTAL";"F";"AT";25.62
"INDIC";"G-N";"OC1";"TOTAL";"F";"BE";31.65
"INDIC";"G-N";"OC1";"TOTAL";"F";"BG";13.63
"INDIC";"G-N";"OC1";"TOTAL";"F";"CY";24.2
"INDIC";"G-N";"OC1";"TOTAL";"F";"CZ";15.93
"INDIC";"G-N";"OC1";"TOTAL";"F";"DE";35.4
"INDIC";"G-N";"OC1";"TOTAL";"F";"DK";29.3
"INDIC";"G-N";"OC1";"TOTAL";"F";"EE";12.83
"INDIC";"G-N";"OC1";"TOTAL";"F";"EL";NA
"INDIC";"G-N";"OC1";"TOTAL";"F";"ES";22.59
"INDIC";"G-N";"OC1";"TOTAL";"F";"FI";31.28
"INDIC";"G-N";"OC1";"TOTAL";"F";"FR";24.45
"INDIC";"G-N";"OC1";"TOTAL";"F";"HR";NA
"INDIC";"G-N";"OC1";"TOTAL";"F";"HU";14.14
"INDIC";"G-N";"OC1";"TOTAL";"F";"IE";22.14
"INDIC";"G-N";"OC1";"TOTAL";"F";"IT";25.27
"INDIC";"G-N";"OC1";"TOTAL";"F";"LT";10.27
"INDIC";"G-N";"OC1";"TOTAL";"F";"LU";32.52
"INDIC";"G-N";"OC1";"TOTAL";"F";"LV";12.29
"INDIC";"G-N";"OC1";"TOTAL";"F";"MT";18.99
"INDIC";"G-N";"OC1";"TOTAL";"F";"NL";23.47
"INDIC";"G-N";"OC1";"TOTAL";"F";"PL";17.21
"INDIC";"G-N";"OC1";"TOTAL";"F";"PT";22.27
"INDIC";"G-N";"OC1";"TOTAL";"F";"RO";13.44
"INDIC";"G-N";"OC1";"TOTAL";"F";"SE";26.76
"INDIC";"G-N";"OC1";"TOTAL";"F";"SI";22.13
"INDIC";"G-N";"OC1";"TOTAL";"F";"SK";13.7
"INDIC";"G-N";"OC1";"TOTAL";"F";"UK";21.69
"INDIC";"G-N";"OC1";"TOTAL";"M";"AT";35.36
"INDIC";"G-N";"OC1";"TOTAL";"M";"BE";36.95
"INDIC";"G-N";"OC1";"TOTAL";"M";"BG";14.69
"INDIC";"G-N";"OC1";"TOTAL";"M";"CY";31.1
"INDIC";"G-N";"OC1";"TOTAL";"M";"CZ";23.33
"INDIC";"G-N";"OC1";"TOTAL";"M";"DE";48.21
"INDIC";"G-N";"OC1";"TOTAL";"M";"DK";37.57
"INDIC";"G-N";"OC1";"TOTAL";"M";"EE";16.93
"INDIC";"G-N";"OC1";"TOTAL";"M";"EL";NA
"INDIC";"G-N";"OC1";"TOTAL";"M";"ES";26.07
"INDIC";"G-N";"OC1";"TOTAL";"M";"FI";37.41
"INDIC";"G-N";"OC1";"TOTAL";"M";"FR";31.07
"INDIC";"G-N";"OC1";"TOTAL";"M";"HR";NA
"INDIC";"G-N";"OC1";"TOTAL";"M";"HU";21.28
"INDIC";"G-N";"OC1";"TOTAL";"M";"IE";26.68
"INDIC";"G-N";"OC1";"TOTAL";"M";"IT";42.03
"INDIC";"G-N";"OC1";"TOTAL";"M";"LT";13.07
"INDIC";"G-N";"OC1";"TOTAL";"M";"LU";41.55
"INDIC";"G-N";"OC1";"TOTAL";"M";"LV";14.37
"INDIC";"G-N";"OC1";"TOTAL";"M";"MT";24.23
"INDIC";"G-N";"OC1";"TOTAL";"M";"NL";30.51
"INDIC";"G-N";"OC1";"TOTAL";"M";"PL";24.54
"INDIC";"G-N";"OC1";"TOTAL";"M";"PT";29.35
"INDIC";"G-N";"OC1";"TOTAL";"M";"RO";13.33
"INDIC";"G-N";"OC1";"TOTAL";"M";"SE";31.51
"INDIC";"G-N";"OC1";"TOTAL";"M";"SI";25.37
"INDIC";"G-N";"OC1";"TOTAL";"M";"SK";18.64
"INDIC";"G-N";"OC1";"TOTAL";"M";"UK";30.35
"INDIC";"G-N";"OC1";"TOTAL";"T";"AT";33.1
"INDIC";"G-N";"OC1";"TOTAL";"T";"BE";35.6
"INDIC";"G-N";"OC1";"TOTAL";"T";"BG";14.23
"INDIC";"G-N";"OC1";"TOTAL";"T";"CY";29.8
"INDIC";"G-N";"OC1";"TOTAL";"T";"CZ";20.92
"INDIC";"G-N";"OC1";"TOTAL";"T";"DE";45.56
"INDIC";"G-N";"OC1";"TOTAL";"T";"DK";35.39
"INDIC";"G-N";"OC1";"TOTAL";"T";"EE";15.22
"INDIC";"G-N";"OC1";"TOTAL";"T";"EL";NA
"INDIC";"G-N";"OC1";"TOTAL";"T";"ES";24.82
"INDIC";"G-N";"OC1";"TOTAL";"T";"FI";35.54
"INDIC";"G-N";"OC1";"TOTAL";"T";"FR";28.3
"INDIC";"G-N";"OC1";"TOTAL";"T";"HR";NA
"INDIC";"G-N";"OC1";"TOTAL";"T";"HU";18.57
"INDIC";"G-N";"OC1";"TOTAL";"T";"IE";24.69
"INDIC";"G-N";"OC1";"TOTAL";"T";"IT";37.83
"INDIC";"G-N";"OC1";"TOTAL";"T";"LT";11.89
"INDIC";"G-N";"OC1";"TOTAL";"T";"LU";39.32
"INDIC";"G-N";"OC1";"TOTAL";"T";"LV";13.28
"INDIC";"G-N";"OC1";"TOTAL";"T";"MT";22.77
"INDIC";"G-N";"OC1";"TOTAL";"T";"NL";28.64
"INDIC";"G-N";"OC1";"TOTAL";"T";"PL";21.15
"INDIC";"G-N";"OC1";"TOTAL";"T";"PT";27.16
"INDIC";"G-N";"OC1";"TOTAL";"T";"RO";13.38
"INDIC";"G-N";"OC1";"TOTAL";"T";"SE";29.89
"INDIC";"G-N";"OC1";"TOTAL";"T";"SI";23.98
"INDIC";"G-N";"OC1";"TOTAL";"T";"SK";16.78
"INDIC";"G-N";"OC1";"TOTAL";"T";"UK";27.44
"INDIC";"G-N";"OC2";"TOTAL";"F";"AT";20.29
"INDIC";"G-N";"OC2";"TOTAL";"F";"BE";23.85
"INDIC";"G-N";"OC2";"TOTAL";"F";"BG";8.99
"INDIC";"G-N";"OC2";"TOTAL";"F";"CY";16.39
"INDIC";"G-N";"OC2";"TOTAL";"F";"CZ";12.91
"INDIC";"G-N";"OC2";"TOTAL";"F";"DE";24.19
"INDIC";"G-N";"OC2";"TOTAL";"F";"DK";24.9
"INDIC";"G-N";"OC2";"TOTAL";"F";"EE";11.1
"INDIC";"G-N";"OC2";"TOTAL";"F";"EL";NA
"INDIC";"G-N";"OC2";"TOTAL";"F";"ES";16.39
"INDIC";"G-N";"OC2";"TOTAL";"F";"FI";21.5
"INDIC";"G-N";"OC2";"TOTAL";"F";"FR";22.91
"INDIC";"G-N";"OC2";"TOTAL";"F";"HR";NA
"INDIC";"G-N";"OC2";"TOTAL";"F";"HU";14.82
"INDIC";"G-N";"OC2";"TOTAL";"F";"IE";25.44
"INDIC";"G-N";"OC2";"TOTAL";"F";"IT";17.62
"INDIC";"G-N";"OC2";"TOTAL";"F";"LT";7.94
"INDIC";"G-N";"OC2";"TOTAL";"F";"LU";21.66
"INDIC";"G-N";"OC2";"TOTAL";"F";"LV";10.05
"INDIC";"G-N";"OC2";"TOTAL";"F";"MT";14.55
"INDIC";"G-N";"OC2";"TOTAL";"F";"NL";19.12
"INDIC";"G-N";"OC2";"TOTAL";"F";"PL";11.97
"INDIC";"G-N";"OC2";"TOTAL";"F";"PT";14.46
"INDIC";"G-N";"OC2";"TOTAL";"F";"RO";9.33
"INDIC";"G-N";"OC2";"TOTAL";"F";"SE";20.95
"INDIC";"G-N";"OC2";"TOTAL";"F";"SI";16.34
"INDIC";"G-N";"OC2";"TOTAL";"F";"SK";11.1
"INDIC";"G-N";"OC2";"TOTAL";"F";"UK";20.23
"INDIC";"G-N";"OC2";"TOTAL";"M";"AT";23.68
"INDIC";"G-N";"OC2";"TOTAL";"M";"BE";25.44
"INDIC";"G-N";"OC2";"TOTAL";"M";"BG";12.01
"INDIC";"G-N";"OC2";"TOTAL";"M";"CY";18.87
"INDIC";"G-N";"OC2";"TOTAL";"M";"CZ";16.18
"INDIC";"G-N";"OC2";"TOTAL";"M";"DE";29.67
"INDIC";"G-N";"OC2";"TOTAL";"M";"DK";29.37
"INDIC";"G-N";"OC2";"TOTAL";"M";"EE";14.57
"INDIC";"G-N";"OC2";"TOTAL";"M";"EL";NA
"INDIC";"G-N";"OC2";"TOTAL";"M";"ES";19.22
"INDIC";"G-N";"OC2";"TOTAL";"M";"FI";24.03
"INDIC";"G-N";"OC2";"TOTAL";"M";"FR";25.36
"INDIC";"G-N";"OC2";"TOTAL";"M";"HR";NA
"INDIC";"G-N";"OC2";"TOTAL";"M";"HU";16.29
"INDIC";"G-N";"OC2";"TOTAL";"M";"IE";30.09
"INDIC";"G-N";"OC2";"TOTAL";"M";"IT";21.32
"INDIC";"G-N";"OC2";"TOTAL";"M";"LT";9.6
"INDIC";"G-N";"OC2";"TOTAL";"M";"LU";24.48
"INDIC";"G-N";"OC2";"TOTAL";"M";"LV";12.42
"INDIC";"G-N";"OC2";"TOTAL";"M";"MT";17.28
"INDIC";"G-N";"OC2";"TOTAL";"M";"NL";22.81
"INDIC";"G-N";"OC2";"TOTAL";"M";"PL";15.87
"INDIC";"G-N";"OC2";"TOTAL";"M";"PT";16.35
"INDIC";"G-N";"OC2";"TOTAL";"M";"RO";11.03
"INDIC";"G-N";"OC2";"TOTAL";"M";"SE";22.97
"INDIC";"G-N";"OC2";"TOTAL";"M";"SI";17.52
"INDIC";"G-N";"OC2";"TOTAL";"M";"SK";14.2
"INDIC";"G-N";"OC2";"TOTAL";"M";"UK";23.41
"INDIC";"G-N";"OC2";"TOTAL";"T";"AT";22.51
"INDIC";"G-N";"OC2";"TOTAL";"T";"BE";24.86
"INDIC";"G-N";"OC2";"TOTAL";"T";"BG";10.42
"INDIC";"G-N";"OC2";"TOTAL";"T";"CY";17.92
"INDIC";"G-N";"OC2";"TOTAL";"T";"CZ";14.98
"INDIC";"G-N";"OC2";"TOTAL";"T";"DE";27.88
"INDIC";"G-N";"OC2";"TOTAL";"T";"DK";27.55
"INDIC";"G-N";"OC2";"TOTAL";"T";"EE";12.69
"INDIC";"G-N";"OC2";"TOTAL";"T";"EL";NA
"INDIC";"G-N";"OC2";"TOTAL";"T";"ES";18
"INDIC";"G-N";"OC2";"TOTAL";"T";"FI";23.01
"INDIC";"G-N";"OC2";"TOTAL";"T";"FR";24.61
"INDIC";"G-N";"OC2";"TOTAL";"T";"HR";NA
"INDIC";"G-N";"OC2";"TOTAL";"T";"HU";15.81
"INDIC";"G-N";"OC2";"TOTAL";"T";"IE";28.1
"INDIC";"G-N";"OC2";"TOTAL";"T";"IT";20.01
"INDIC";"G-N";"OC2";"TOTAL";"T";"LT";8.66
"INDIC";"G-N";"OC2";"TOTAL";"T";"LU";23.47
"INDIC";"G-N";"OC2";"TOTAL";"T";"LV";11.23
"INDIC";"G-N";"OC2";"TOTAL";"T";"MT";16.27
"INDIC";"G-N";"OC2";"TOTAL";"T";"NL";21.61
"INDIC";"G-N";"OC2";"TOTAL";"T";"PL";13.85
"INDIC";"G-N";"OC2";"TOTAL";"T";"PT";15.59
"INDIC";"G-N";"OC2";"TOTAL";"T";"RO";10.09
"INDIC";"G-N";"OC2";"TOTAL";"T";"SE";22.23
"INDIC";"G-N";"OC2";"TOTAL";"T";"SI";16.98
"INDIC";"G-N";"OC2";"TOTAL";"T";"SK";12.85
"INDIC";"G-N";"OC2";"TOTAL";"T";"UK";22.3
"INDIC";"G-N";"OC3";"TOTAL";"F";"AT";15.7
"INDIC";"G-N";"OC3";"TOTAL";"F";"BE";18.67
"INDIC";"G-N";"OC3";"TOTAL";"F";"BG";6.28
"INDIC";"G-N";"OC3";"TOTAL";"F";"CY";13.56
"INDIC";"G-N";"OC3";"TOTAL";"F";"CZ";9.19
"INDIC";"G-N";"OC3";"TOTAL";"F";"DE";18.15
"INDIC";"G-N";"OC3";"TOTAL";"F";"DK";20.71
"INDIC";"G-N";"OC3";"TOTAL";"F";"EE";8.44
"INDIC";"G-N";"OC3";"TOTAL";"F";"EL";NA
"INDIC";"G-N";"OC3";"TOTAL";"F";"ES";13.58
"INDIC";"G-N";"OC3";"TOTAL";"F";"FI";16.38
"INDIC";"G-N";"OC3";"TOTAL";"F";"FR";16.28
"INDIC";"G-N";"OC3";"TOTAL";"F";"HR";NA
"INDIC";"G-N";"OC3";"TOTAL";"F";"HU";9.33
"INDIC";"G-N";"OC3";"TOTAL";"F";"IE";18.24
"INDIC";"G-N";"OC3";"TOTAL";"F";"IT";15.71
"INDIC";"G-N";"OC3";"TOTAL";"F";"LT";5.75
"INDIC";"G-N";"OC3";"TOTAL";"F";"LU";18.2
"INDIC";"G-N";"OC3";"TOTAL";"F";"LV";7.29
"INDIC";"G-N";"OC3";"TOTAL";"F";"MT";11.56
"INDIC";"G-N";"OC3";"TOTAL";"F";"NL";15.56
"INDIC";"G-N";"OC3";"TOTAL";"F";"PL";9.41
"INDIC";"G-N";"OC3";"TOTAL";"F";"PT";13.25
"INDIC";"G-N";"OC3";"TOTAL";"F";"RO";5.41
"INDIC";"G-N";"OC3";"TOTAL";"F";"SE";17.35
"INDIC";"G-N";"OC3";"TOTAL";"F";"SI";12.19
"INDIC";"G-N";"OC3";"TOTAL";"F";"SK";8.68
"INDIC";"G-N";"OC3";"TOTAL";"F";"UK";14.4
"INDIC";"G-N";"OC3";"TOTAL";"M";"AT";19.08
"INDIC";"G-N";"OC3";"TOTAL";"M";"BE";20.21
"INDIC";"G-N";"OC3";"TOTAL";"M";"BG";6.93
"INDIC";"G-N";"OC3";"TOTAL";"M";"CY";14.63
"INDIC";"G-N";"OC3";"TOTAL";"M";"CZ";12.06
"INDIC";"G-N";"OC3";"TOTAL";"M";"DE";22.69
"INDIC";"G-N";"OC3";"TOTAL";"M";"DK";24.7
"INDIC";"G-N";"OC3";"TOTAL";"M";"EE";11.84
"INDIC";"G-N";"OC3";"TOTAL";"M";"EL";NA
"INDIC";"G-N";"OC3";"TOTAL";"M";"ES";15.79
"INDIC";"G-N";"OC3";"TOTAL";"M";"FI";18.98
"INDIC";"G-N";"OC3";"TOTAL";"M";"FR";17.78
"INDIC";"G-N";"OC3";"TOTAL";"M";"HR";NA
"INDIC";"G-N";"OC3";"TOTAL";"M";"HU";10.77
"INDIC";"G-N";"OC3";"TOTAL";"M";"IE";21.4
"INDIC";"G-N";"OC3";"TOTAL";"M";"IT";18.38
"INDIC";"G-N";"OC3";"TOTAL";"M";"LT";6.96
"INDIC";"G-N";"OC3";"TOTAL";"M";"LU";20.41
"INDIC";"G-N";"OC3";"TOTAL";"M";"LV";9.75
"INDIC";"G-N";"OC3";"TOTAL";"M";"MT";13.5
"INDIC";"G-N";"OC3";"TOTAL";"M";"NL";19.37
"INDIC";"G-N";"OC3";"TOTAL";"M";"PL";11.5
"INDIC";"G-N";"OC3";"TOTAL";"M";"PT";14.03
"INDIC";"G-N";"OC3";"TOTAL";"M";"RO";6.05
"INDIC";"G-N";"OC3";"TOTAL";"M";"SE";19.77
"INDIC";"G-N";"OC3";"TOTAL";"M";"SI";13.89
"INDIC";"G-N";"OC3";"TOTAL";"M";"SK";9.87
"INDIC";"G-N";"OC3";"TOTAL";"M";"UK";17.06
"INDIC";"G-N";"OC3";"TOTAL";"T";"AT";17.75
"INDIC";"G-N";"OC3";"TOTAL";"T";"BE";19.62
"INDIC";"G-N";"OC3";"TOTAL";"T";"BG";6.61
"INDIC";"G-N";"OC3";"TOTAL";"T";"CY";14.09
"INDIC";"G-N";"OC3";"TOTAL";"T";"CZ";10.58
"INDIC";"G-N";"OC3";"TOTAL";"T";"DE";20.77
"INDIC";"G-N";"OC3";"TOTAL";"T";"DK";22.82
"INDIC";"G-N";"OC3";"TOTAL";"T";"EE";10.03
"INDIC";"G-N";"OC3";"TOTAL";"T";"EL";NA
"INDIC";"G-N";"OC3";"TOTAL";"T";"ES";14.83
"INDIC";"G-N";"OC3";"TOTAL";"T";"FI";17.85
"INDIC";"G-N";"OC3";"TOTAL";"T";"FR";17.09
"INDIC";"G-N";"OC3";"TOTAL";"T";"HR";NA
"INDIC";"G-N";"OC3";"TOTAL";"T";"HU";9.97
"INDIC";"G-N";"OC3";"TOTAL";"T";"IE";19.99
"INDIC";"G-N";"OC3";"TOTAL";"T";"IT";17.38
"INDIC";"G-N";"OC3";"TOTAL";"T";"LT";6.36
"INDIC";"G-N";"OC3";"TOTAL";"T";"LU";19.44
"INDIC";"G-N";"OC3";"TOTAL";"T";"LV";8.22
"INDIC";"G-N";"OC3";"TOTAL";"T";"MT";12.74
"INDIC";"G-N";"OC3";"TOTAL";"T";"NL";17.77
"INDIC";"G-N";"OC3";"TOTAL";"T";"PL";10.43
"INDIC";"G-N";"OC3";"TOTAL";"T";"PT";13.75
"INDIC";"G-N";"OC3";"TOTAL";"T";"RO";5.75
"INDIC";"G-N";"OC3";"TOTAL";"T";"SE";18.79
"INDIC";"G-N";"OC3";"TOTAL";"T";"SI";12.99
"INDIC";"G-N";"OC3";"TOTAL";"T";"SK";9.28
"INDIC";"G-N";"OC3";"TOTAL";"T";"UK";15.86
"INDIC";"G-N";"OC4";"TOTAL";"F";"AT";13.71
"INDIC";"G-N";"OC4";"TOTAL";"F";"BE";15.68
"INDIC";"G-N";"OC4";"TOTAL";"F";"BG";4.24
"INDIC";"G-N";"OC4";"TOTAL";"F";"CY";9.96
"INDIC";"G-N";"OC4";"TOTAL";"F";"CZ";7.26
"INDIC";"G-N";"OC4";"TOTAL";"F";"DE";15.69
"INDIC";"G-N";"OC4";"TOTAL";"F";"DK";17.6
"INDIC";"G-N";"OC4";"TOTAL";"F";"EE";6.26
"INDIC";"G-N";"OC4";"TOTAL";"F";"EL";NA
"INDIC";"G-N";"OC4";"TOTAL";"F";"ES";10
"INDIC";"G-N";"OC4";"TOTAL";"F";"FI";13.17
"INDIC";"G-N";"OC4";"TOTAL";"F";"FR";12.8
"INDIC";"G-N";"OC4";"TOTAL";"F";"HR";NA
"INDIC";"G-N";"OC4";"TOTAL";"F";"HU";7.42
"INDIC";"G-N";"OC4";"TOTAL";"F";"IE";15
"INDIC";"G-N";"OC4";"TOTAL";"F";"IT";12.49
"INDIC";"G-N";"OC4";"TOTAL";"F";"LT";4.84
"INDIC";"G-N";"OC4";"TOTAL";"F";"LU";16.04
"INDIC";"G-N";"OC4";"TOTAL";"F";"LV";5.66
"INDIC";"G-N";"OC4";"TOTAL";"F";"MT";9.92
"INDIC";"G-N";"OC4";"TOTAL";"F";"NL";12.92
"INDIC";"G-N";"OC4";"TOTAL";"F";"PL";7.5
"INDIC";"G-N";"OC4";"TOTAL";"F";"PT";9.19
"INDIC";"G-N";"OC4";"TOTAL";"F";"RO";4.45
"INDIC";"G-N";"OC4";"TOTAL";"F";"SE";13.97
"INDIC";"G-N";"OC4";"TOTAL";"F";"SI";9.81
"INDIC";"G-N";"OC4";"TOTAL";"F";"SK";6.47
"INDIC";"G-N";"OC4";"TOTAL";"F";"UK";10.87
"INDIC";"G-N";"OC4";"TOTAL";"M";"AT";15.46
"INDIC";"G-N";"OC4";"TOTAL";"M";"BE";15.6
"INDIC";"G-N";"OC4";"TOTAL";"M";"BG";4.76
"INDIC";"G-N";"OC4";"TOTAL";"M";"CY";10.14
"INDIC";"G-N";"OC4";"TOTAL";"M";"CZ";8.39
"INDIC";"G-N";"OC4";"TOTAL";"M";"DE";17.01
"INDIC";"G-N";"OC4";"TOTAL";"M";"DK";17.64
"INDIC";"G-N";"OC4";"TOTAL";"M";"EE";7.47
"INDIC";"G-N";"OC4";"TOTAL";"M";"EL";NA
"INDIC";"G-N";"OC4";"TOTAL";"M";"ES";12.22
"INDIC";"G-N";"OC4";"TOTAL";"M";"FI";13.32
"INDIC";"G-N";"OC4";"TOTAL";"M";"FR";13.15
"INDIC";"G-N";"OC4";"TOTAL";"M";"HR";NA
"INDIC";"G-N";"OC4";"TOTAL";"M";"HU";7.89
"INDIC";"G-N";"OC4";"TOTAL";"M";"IE";19.38
"INDIC";"G-N";"OC4";"TOTAL";"M";"IT";14.04
"INDIC";"G-N";"OC4";"TOTAL";"M";"LT";6.06
"INDIC";"G-N";"OC4";"TOTAL";"M";"LU";16.78
"INDIC";"G-N";"OC4";"TOTAL";"M";"LV";6.43
"INDIC";"G-N";"OC4";"TOTAL";"M";"MT";10.04
"INDIC";"G-N";"OC4";"TOTAL";"M";"NL";14.02
"INDIC";"G-N";"OC4";"TOTAL";"M";"PL";7.37
"INDIC";"G-N";"OC4";"TOTAL";"M";"PT";9.29
"INDIC";"G-N";"OC4";"TOTAL";"M";"RO";4.75
"INDIC";"G-N";"OC4";"TOTAL";"M";"SE";14.24
"INDIC";"G-N";"OC4";"TOTAL";"M";"SI";9.27
"INDIC";"G-N";"OC4";"TOTAL";"M";"SK";6.91
"INDIC";"G-N";"OC4";"TOTAL";"M";"UK";11.72
"INDIC";"G-N";"OC4";"TOTAL";"T";"AT";14.35
"INDIC";"G-N";"OC4";"TOTAL";"T";"BE";15.64
"INDIC";"G-N";"OC4";"TOTAL";"T";"BG";4.41
"INDIC";"G-N";"OC4";"TOTAL";"T";"CY";10.02
"INDIC";"G-N";"OC4";"TOTAL";"T";"CZ";7.61
"INDIC";"G-N";"OC4";"TOTAL";"T";"DE";16.26
"INDIC";"G-N";"OC4";"TOTAL";"T";"DK";17.62
"INDIC";"G-N";"OC4";"TOTAL";"T";"EE";6.57
"INDIC";"G-N";"OC4";"TOTAL";"T";"EL";NA
"INDIC";"G-N";"OC4";"TOTAL";"T";"ES";10.87
"INDIC";"G-N";"OC4";"TOTAL";"T";"FI";13.21
"INDIC";"G-N";"OC4";"TOTAL";"T";"FR";12.93
"INDIC";"G-N";"OC4";"TOTAL";"T";"HR";NA
"INDIC";"G-N";"OC4";"TOTAL";"T";"HU";7.52
"INDIC";"G-N";"OC4";"TOTAL";"T";"IE";16.02
"INDIC";"G-N";"OC4";"TOTAL";"T";"IT";13.26
"INDIC";"G-N";"OC4";"TOTAL";"T";"LT";5.2
"INDIC";"G-N";"OC4";"TOTAL";"T";"LU";16.35
"INDIC";"G-N";"OC4";"TOTAL";"T";"LV";5.9
"INDIC";"G-N";"OC4";"TOTAL";"T";"MT";9.98
"INDIC";"G-N";"OC4";"TOTAL";"T";"NL";13.4
"INDIC";"G-N";"OC4";"TOTAL";"T";"PL";7.44
"INDIC";"G-N";"OC4";"TOTAL";"T";"PT";9.24
"INDIC";"G-N";"OC4";"TOTAL";"T";"RO";4.57
"INDIC";"G-N";"OC4";"TOTAL";"T";"SE";14.09
"INDIC";"G-N";"OC4";"TOTAL";"T";"SI";9.55
"INDIC";"G-N";"OC4";"TOTAL";"T";"SK";6.6
"INDIC";"G-N";"OC4";"TOTAL";"T";"UK";11.2
"INDIC";"G-N";"OC5";"TOTAL";"F";"AT";10.05
"INDIC";"G-N";"OC5";"TOTAL";"F";"BE";12.44
"INDIC";"G-N";"OC5";"TOTAL";"F";"BG";3.15
"INDIC";"G-N";"OC5";"TOTAL";"F";"CY";7.02
"INDIC";"G-N";"OC5";"TOTAL";"F";"CZ";5.24
"INDIC";"G-N";"OC5";"TOTAL";"F";"DE";11.28
"INDIC";"G-N";"OC5";"TOTAL";"F";"DK";14.27
"INDIC";"G-N";"OC5";"TOTAL";"F";"EE";4.82
"INDIC";"G-N";"OC5";"TOTAL";"F";"EL";NA
"INDIC";"G-N";"OC5";"TOTAL";"F";"ES";8.55
"INDIC";"G-N";"OC5";"TOTAL";"F";"FI";11.59
"INDIC";"G-N";"OC5";"TOTAL";"F";"FR";11.57
"INDIC";"G-N";"OC5";"TOTAL";"F";"HR";NA
"INDIC";"G-N";"OC5";"TOTAL";"F";"HU";6.55
"INDIC";"G-N";"OC5";"TOTAL";"F";"IE";11.73
"INDIC";"G-N";"OC5";"TOTAL";"F";"IT";9.7
"INDIC";"G-N";"OC5";"TOTAL";"F";"LT";3.9
"INDIC";"G-N";"OC5";"TOTAL";"F";"LU";11.12
"INDIC";"G-N";"OC5";"TOTAL";"F";"LV";4.1
"INDIC";"G-N";"OC5";"TOTAL";"F";"MT";8.93
"INDIC";"G-N";"OC5";"TOTAL";"F";"NL";9.76
"INDIC";"G-N";"OC5";"TOTAL";"F";"PL";5.42
"INDIC";"G-N";"OC5";"TOTAL";"F";"PT";5.72
"INDIC";"G-N";"OC5";"TOTAL";"F";"RO";3.15
"INDIC";"G-N";"OC5";"TOTAL";"F";"SE";13.62
"INDIC";"G-N";"OC5";"TOTAL";"F";"SI";6.97
"INDIC";"G-N";"OC5";"TOTAL";"F";"SK";5.13
"INDIC";"G-N";"OC5";"TOTAL";"F";"UK";8.27
"INDIC";"G-N";"OC5";"TOTAL";"M";"AT";11.06
"INDIC";"G-N";"OC5";"TOTAL";"M";"BE";13.42
"INDIC";"G-N";"OC5";"TOTAL";"M";"BG";2.97
"INDIC";"G-N";"OC5";"TOTAL";"M";"CY";8.01
"INDIC";"G-N";"OC5";"TOTAL";"M";"CZ";5.4
"INDIC";"G-N";"OC5";"TOTAL";"M";"DE";12.34
"INDIC";"G-N";"OC5";"TOTAL";"M";"DK";14.95
"INDIC";"G-N";"OC5";"TOTAL";"M";"EE";5.57
"INDIC";"G-N";"OC5";"TOTAL";"M";"EL";NA
"INDIC";"G-N";"OC5";"TOTAL";"M";"ES";9.79
"INDIC";"G-N";"OC5";"TOTAL";"M";"FI";12.52
"INDIC";"G-N";"OC5";"TOTAL";"M";"FR";13.12
"INDIC";"G-N";"OC5";"TOTAL";"M";"HR";NA
"INDIC";"G-N";"OC5";"TOTAL";"M";"HU";6.13
"INDIC";"G-N";"OC5";"TOTAL";"M";"IE";13.73
"INDIC";"G-N";"OC5";"TOTAL";"M";"IT";10.6
"INDIC";"G-N";"OC5";"TOTAL";"M";"LT";4.17
"INDIC";"G-N";"OC5";"TOTAL";"M";"LU";13
"INDIC";"G-N";"OC5";"TOTAL";"M";"LV";4.89
"INDIC";"G-N";"OC5";"TOTAL";"M";"MT";9.11
"INDIC";"G-N";"OC5";"TOTAL";"M";"NL";11.57
"INDIC";"G-N";"OC5";"TOTAL";"M";"PL";6.12
"INDIC";"G-N";"OC5";"TOTAL";"M";"PT";6.19
"INDIC";"G-N";"OC5";"TOTAL";"M";"RO";2.94
"INDIC";"G-N";"OC5";"TOTAL";"M";"SE";13.98
"INDIC";"G-N";"OC5";"TOTAL";"M";"SI";7.61
"INDIC";"G-N";"OC5";"TOTAL";"M";"SK";5.76
"INDIC";"G-N";"OC5";"TOTAL";"M";"UK";9.1
"INDIC";"G-N";"OC5";"TOTAL";"T";"AT";10.37
"INDIC";"G-N";"OC5";"TOTAL";"T";"BE";12.9
"INDIC";"G-N";"OC5";"TOTAL";"T";"BG";3.07
"INDIC";"G-N";"OC5";"TOTAL";"T";"CY";7.45
"INDIC";"G-N";"OC5";"TOTAL";"T";"CZ";5.3
"INDIC";"G-N";"OC5";"TOTAL";"T";"DE";11.68
"INDIC";"G-N";"OC5";"TOTAL";"T";"DK";14.56
"INDIC";"G-N";"OC5";"TOTAL";"T";"EE";4.98
"INDIC";"G-N";"OC5";"TOTAL";"T";"EL";NA
"INDIC";"G-N";"OC5";"TOTAL";"T";"ES";9.06
"INDIC";"G-N";"OC5";"TOTAL";"T";"FI";11.91
"INDIC";"G-N";"OC5";"TOTAL";"T";"FR";12.34
"INDIC";"G-N";"OC5";"TOTAL";"T";"HR";NA
"INDIC";"G-N";"OC5";"TOTAL";"T";"HU";6.19
"INDIC";"G-N";"OC5";"TOTAL";"T";"IE";12.4
"INDIC";"G-N";"OC5";"TOTAL";"T";"IT";10.11
"INDIC";"G-N";"OC5";"TOTAL";"T";"LT";3.97
"INDIC";"G-N";"OC5";"TOTAL";"T";"LU";11.97
"INDIC";"G-N";"OC5";"TOTAL";"T";"LV";4.3
"INDIC";"G-N";"OC5";"TOTAL";"T";"MT";9.03
"INDIC";"G-N";"OC5";"TOTAL";"T";"NL";10.44
"INDIC";"G-N";"OC5";"TOTAL";"T";"PL";5.66
"INDIC";"G-N";"OC5";"TOTAL";"T";"PT";5.92
"INDIC";"G-N";"OC5";"TOTAL";"T";"RO";3.04
"INDIC";"G-N";"OC5";"TOTAL";"T";"SE";13.78
"INDIC";"G-N";"OC5";"TOTAL";"T";"SI";7.21
"INDIC";"G-N";"OC5";"TOTAL";"T";"SK";5.36
"INDIC";"G-N";"OC5";"TOTAL";"T";"UK";8.59
"INDIC";"G-N";"OC6";"TOTAL";"F";"BG";NA
"INDIC";"G-N";"OC6";"TOTAL";"F";"CY";NA
"INDIC";"G-N";"OC6";"TOTAL";"F";"CZ";5.65
"INDIC";"G-N";"OC6";"TOTAL";"F";"DE";10.21
"INDIC";"G-N";"OC6";"TOTAL";"F";"DK";15.73
"INDIC";"G-N";"OC6";"TOTAL";"F";"EE";NA
"INDIC";"G-N";"OC6";"TOTAL";"F";"EL";NA
"INDIC";"G-N";"OC6";"TOTAL";"F";"ES";9.77
"INDIC";"G-N";"OC6";"TOTAL";"F";"FI";10.87
"INDIC";"G-N";"OC6";"TOTAL";"F";"FR";14.89
"INDIC";"G-N";"OC6";"TOTAL";"F";"HR";NA
"INDIC";"G-N";"OC6";"TOTAL";"F";"HU";4.68
"INDIC";"G-N";"OC6";"TOTAL";"F";"IE";NA
"INDIC";"G-N";"OC6";"TOTAL";"F";"IT";10.07
"INDIC";"G-N";"OC6";"TOTAL";"F";"LT";NA
"INDIC";"G-N";"OC6";"TOTAL";"F";"LU";11.02
"INDIC";"G-N";"OC6";"TOTAL";"F";"LV";4.16
"INDIC";"G-N";"OC6";"TOTAL";"F";"MT";NA
"INDIC";"G-N";"OC6";"TOTAL";"F";"NL";9.11
"INDIC";"G-N";"OC6";"TOTAL";"F";"PL";5.08
"INDIC";"G-N";"OC6";"TOTAL";"F";"PT";5.05
"INDIC";"G-N";"OC6";"TOTAL";"F";"RO";2.94
"INDIC";"G-N";"OC6";"TOTAL";"F";"SE";12.58
"INDIC";"G-N";"OC6";"TOTAL";"F";"SI";6.93
"INDIC";"G-N";"OC6";"TOTAL";"F";"SK";3.63
"INDIC";"G-N";"OC6";"TOTAL";"F";"UK";NA
"INDIC";"G-N";"OC6";"TOTAL";"M";"BG";NA
"INDIC";"G-N";"OC6";"TOTAL";"M";"CY";7.54
"INDIC";"G-N";"OC6";"TOTAL";"M";"CZ";5.9
"INDIC";"G-N";"OC6";"TOTAL";"M";"DE";11.83
"INDIC";"G-N";"OC6";"TOTAL";"M";"DK";17.19
"INDIC";"G-N";"OC6";"TOTAL";"M";"EE";NA
"INDIC";"G-N";"OC6";"TOTAL";"M";"EL";NA
"INDIC";"G-N";"OC6";"TOTAL";"M";"ES";10.27
"INDIC";"G-N";"OC6";"TOTAL";"M";"FI";11.45
"INDIC";"G-N";"OC6";"TOTAL";"M";"FR";11.4
"INDIC";"G-N";"OC6";"TOTAL";"M";"HR";NA
"INDIC";"G-N";"OC6";"TOTAL";"M";"HU";5.85
"INDIC";"G-N";"OC6";"TOTAL";"M";"IE";16.42
"INDIC";"G-N";"OC6";"TOTAL";"M";"IT";8.62
"INDIC";"G-N";"OC6";"TOTAL";"M";"LT";NA
"INDIC";"G-N";"OC6";"TOTAL";"M";"LU";12.13
"INDIC";"G-N";"OC6";"TOTAL";"M";"LV";NA
"INDIC";"G-N";"OC6";"TOTAL";"M";"MT";8.55
"INDIC";"G-N";"OC6";"TOTAL";"M";"NL";11.2
"INDIC";"G-N";"OC6";"TOTAL";"M";"PL";6
"INDIC";"G-N";"OC6";"TOTAL";"M";"PT";5.54
"INDIC";"G-N";"OC6";"TOTAL";"M";"RO";2.9
"INDIC";"G-N";"OC6";"TOTAL";"M";"SE";13.52
"INDIC";"G-N";"OC6";"TOTAL";"M";"SI";8.55
"INDIC";"G-N";"OC6";"TOTAL";"M";"SK";4.66
"INDIC";"G-N";"OC6";"TOTAL";"M";"UK";9.2
"INDIC";"G-N";"OC6";"TOTAL";"T";"BG";NA
"INDIC";"G-N";"OC6";"TOTAL";"T";"CY";7.54
"INDIC";"G-N";"OC6";"TOTAL";"T";"CZ";5.77
"INDIC";"G-N";"OC6";"TOTAL";"T";"DE";11.55
"INDIC";"G-N";"OC6";"TOTAL";"T";"DK";16.79
"INDIC";"G-N";"OC6";"TOTAL";"T";"EE";NA
"INDIC";"G-N";"OC6";"TOTAL";"T";"EL";NA
"INDIC";"G-N";"OC6";"TOTAL";"T";"ES";10.21
"INDIC";"G-N";"OC6";"TOTAL";"T";"FI";11.21
"INDIC";"G-N";"OC6";"TOTAL";"T";"FR";11.59
"INDIC";"G-N";"OC6";"TOTAL";"T";"HR";NA
"INDIC";"G-N";"OC6";"TOTAL";"T";"HU";5.47
"INDIC";"G-N";"OC6";"TOTAL";"T";"IE";16.09
"INDIC";"G-N";"OC6";"TOTAL";"T";"IT";8.89
"INDIC";"G-N";"OC6";"TOTAL";"T";"LT";NA
"INDIC";"G-N";"OC6";"TOTAL";"T";"LU";11.72
"INDIC";"G-N";"OC6";"TOTAL";"T";"LV";NA
"INDIC";"G-N";"OC6";"TOTAL";"T";"MT";8.74
"INDIC";"G-N";"OC6";"TOTAL";"T";"NL";10.91
"INDIC";"G-N";"OC6";"TOTAL";"T";"PL";5.66
"INDIC";"G-N";"OC6";"TOTAL";"T";"PT";5.47
"INDIC";"G-N";"OC6";"TOTAL";"T";"RO";2.92
"INDIC";"G-N";"OC6";"TOTAL";"T";"SE";13.36
"INDIC";"G-N";"OC6";"TOTAL";"T";"SI";7.83
"INDIC";"G-N";"OC6";"TOTAL";"T";"SK";4.09
"INDIC";"G-N";"OC6";"TOTAL";"T";"UK";9.2
"INDIC";"G-N";"OC7";"TOTAL";"F";"AT";9.81
"INDIC";"G-N";"OC7";"TOTAL";"F";"BE";14.36
"INDIC";"G-N";"OC7";"TOTAL";"F";"BG";3.12
"INDIC";"G-N";"OC7";"TOTAL";"F";"CY";6.67
"INDIC";"G-N";"OC7";"TOTAL";"F";"CZ";5.42
"INDIC";"G-N";"OC7";"TOTAL";"F";"DE";11.44
"INDIC";"G-N";"OC7";"TOTAL";"F";"DK";14.15
"INDIC";"G-N";"OC7";"TOTAL";"F";"EE";5.19
"INDIC";"G-N";"OC7";"TOTAL";"F";"EL";NA
"INDIC";"G-N";"OC7";"TOTAL";"F";"ES";9.16
"INDIC";"G-N";"OC7";"TOTAL";"F";"FI";12.15
"INDIC";"G-N";"OC7";"TOTAL";"F";"FR";10.91
"INDIC";"G-N";"OC7";"TOTAL";"F";"HR";NA
"INDIC";"G-N";"OC7";"TOTAL";"F";"HU";5.28
"INDIC";"G-N";"OC7";"TOTAL";"F";"IE";14.7
"INDIC";"G-N";"OC7";"TOTAL";"F";"IT";8.27
"INDIC";"G-N";"OC7";"TOTAL";"F";"LT";5.04
"INDIC";"G-N";"OC7";"TOTAL";"F";"LU";11.01
"INDIC";"G-N";"OC7";"TOTAL";"F";"LV";4.26
"INDIC";"G-N";"OC7";"TOTAL";"F";"MT";8.28
"INDIC";"G-N";"OC7";"TOTAL";"F";"NL";10.4
"INDIC";"G-N";"OC7";"TOTAL";"F";"PL";5.37
"INDIC";"G-N";"OC7";"TOTAL";"F";"PT";5.12
"INDIC";"G-N";"OC7";"TOTAL";"F";"RO";3.4
"INDIC";"G-N";"OC7";"TOTAL";"F";"SE";13.1
"INDIC";"G-N";"OC7";"TOTAL";"F";"SI";7.56
"INDIC";"G-N";"OC7";"TOTAL";"F";"SK";4.81
"INDIC";"G-N";"OC7";"TOTAL";"F";"UK";10.6
"INDIC";"G-N";"OC7";"TOTAL";"M";"AT";12.98
"INDIC";"G-N";"OC7";"TOTAL";"M";"BE";14.82
"INDIC";"G-N";"OC7";"TOTAL";"M";"BG";4.27
"INDIC";"G-N";"OC7";"TOTAL";"M";"CY";9.85
"INDIC";"G-N";"OC7";"TOTAL";"M";"CZ";7.22
"INDIC";"G-N";"OC7";"TOTAL";"M";"DE";14.21
"INDIC";"G-N";"OC7";"TOTAL";"M";"DK";18.94
"INDIC";"G-N";"OC7";"TOTAL";"M";"EE";8.29
"INDIC";"G-N";"OC7";"TOTAL";"M";"EL";NA
"INDIC";"G-N";"OC7";"TOTAL";"M";"ES";11.45
"INDIC";"G-N";"OC7";"TOTAL";"M";"FI";13.9
"INDIC";"G-N";"OC7";"TOTAL";"M";"FR";12.95
"INDIC";"G-N";"OC7";"TOTAL";"M";"HR";NA
"INDIC";"G-N";"OC7";"TOTAL";"M";"HU";6.03
"INDIC";"G-N";"OC7";"TOTAL";"M";"IE";17.16
"INDIC";"G-N";"OC7";"TOTAL";"M";"IT";10.07
"INDIC";"G-N";"OC7";"TOTAL";"M";"LT";5.02
"INDIC";"G-N";"OC7";"TOTAL";"M";"LU";14.24
"INDIC";"G-N";"OC7";"TOTAL";"M";"LV";6.02
"INDIC";"G-N";"OC7";"TOTAL";"M";"MT";10.24
"INDIC";"G-N";"OC7";"TOTAL";"M";"NL";12.78
"INDIC";"G-N";"OC7";"TOTAL";"M";"PL";7.42
"INDIC";"G-N";"OC7";"TOTAL";"M";"PT";7.46
"INDIC";"G-N";"OC7";"TOTAL";"M";"RO";4.28
"INDIC";"G-N";"OC7";"TOTAL";"M";"SE";14.63
"INDIC";"G-N";"OC7";"TOTAL";"M";"SI";8.59
"INDIC";"G-N";"OC7";"TOTAL";"M";"SK";6.69
"INDIC";"G-N";"OC7";"TOTAL";"M";"UK";12.9
"INDIC";"G-N";"OC7";"TOTAL";"T";"AT";12.76
"INDIC";"G-N";"OC7";"TOTAL";"T";"BE";14.78
"INDIC";"G-N";"OC7";"TOTAL";"T";"BG";4.08
"INDIC";"G-N";"OC7";"TOTAL";"T";"CY";9.38
"INDIC";"G-N";"OC7";"TOTAL";"T";"CZ";7.04
"INDIC";"G-N";"OC7";"TOTAL";"T";"DE";13.91
"INDIC";"G-N";"OC7";"TOTAL";"T";"DK";18.46
"INDIC";"G-N";"OC7";"TOTAL";"T";"EE";7.92
"INDIC";"G-N";"OC7";"TOTAL";"T";"EL";NA
"INDIC";"G-N";"OC7";"TOTAL";"T";"ES";11.29
"INDIC";"G-N";"OC7";"TOTAL";"T";"FI";13.76
"INDIC";"G-N";"OC7";"TOTAL";"T";"FR";12.82
"INDIC";"G-N";"OC7";"TOTAL";"T";"HR";NA
"INDIC";"G-N";"OC7";"TOTAL";"T";"HU";5.68
"INDIC";"G-N";"OC7";"TOTAL";"T";"IE";16.89
"INDIC";"G-N";"OC7";"TOTAL";"T";"IT";9.27
"INDIC";"G-N";"OC7";"TOTAL";"T";"LT";5.03
"INDIC";"G-N";"OC7";"TOTAL";"T";"LU";14.08
"INDIC";"G-N";"OC7";"TOTAL";"T";"LV";5.71
"INDIC";"G-N";"OC7";"TOTAL";"T";"MT";10.17
"INDIC";"G-N";"OC7";"TOTAL";"T";"NL";12.53
"INDIC";"G-N";"OC7";"TOTAL";"T";"PL";7.2
"INDIC";"G-N";"OC7";"TOTAL";"T";"PT";7.19
"INDIC";"G-N";"OC7";"TOTAL";"T";"RO";4.14
"INDIC";"G-N";"OC7";"TOTAL";"T";"SE";14.53
"INDIC";"G-N";"OC7";"TOTAL";"T";"SI";8.54
"INDIC";"G-N";"OC7";"TOTAL";"T";"SK";6.4
"INDIC";"G-N";"OC7";"TOTAL";"T";"UK";12.72
"INDIC";"G-N";"OC8";"TOTAL";"F";"AT";11.04
"INDIC";"G-N";"OC8";"TOTAL";"F";"BE";14.05
"INDIC";"G-N";"OC8";"TOTAL";"F";"BG";3.66
"INDIC";"G-N";"OC8";"TOTAL";"F";"CY";6.97
"INDIC";"G-N";"OC8";"TOTAL";"F";"CZ";5.4
"INDIC";"G-N";"OC8";"TOTAL";"F";"DE";10.39
"INDIC";"G-N";"OC8";"TOTAL";"F";"DK";16.63
"INDIC";"G-N";"OC8";"TOTAL";"F";"EE";5.96
"INDIC";"G-N";"OC8";"TOTAL";"F";"EL";NA
"INDIC";"G-N";"OC8";"TOTAL";"F";"ES";9.63
"INDIC";"G-N";"OC8";"TOTAL";"F";"FI";12.76
"INDIC";"G-N";"OC8";"TOTAL";"F";"FR";11.81
"INDIC";"G-N";"OC8";"TOTAL";"F";"HR";NA
"INDIC";"G-N";"OC8";"TOTAL";"F";"HU";5.31
"INDIC";"G-N";"OC8";"TOTAL";"F";"IE";14.56
"INDIC";"G-N";"OC8";"TOTAL";"F";"IT";9.31
"INDIC";"G-N";"OC8";"TOTAL";"F";"LT";5.77
"INDIC";"G-N";"OC8";"TOTAL";"F";"LU";12.27
"INDIC";"G-N";"OC8";"TOTAL";"F";"LV";6.03
"INDIC";"G-N";"OC8";"TOTAL";"F";"MT";7.98
"INDIC";"G-N";"OC8";"TOTAL";"F";"NL";11.64
"INDIC";"G-N";"OC8";"TOTAL";"F";"PL";7.19
"INDIC";"G-N";"OC8";"TOTAL";"F";"PT";5.64
"INDIC";"G-N";"OC8";"TOTAL";"F";"RO";3.62
"INDIC";"G-N";"OC8";"TOTAL";"F";"SE";13.48
"INDIC";"G-N";"OC8";"TOTAL";"F";"SI";7.5
"INDIC";"G-N";"OC8";"TOTAL";"F";"SK";4.83
"INDIC";"G-N";"OC8";"TOTAL";"F";"UK";9.32
"INDIC";"G-N";"OC8";"TOTAL";"M";"AT";12.39
"INDIC";"G-N";"OC8";"TOTAL";"M";"BE";15.02
"INDIC";"G-N";"OC8";"TOTAL";"M";"BG";3.57
"INDIC";"G-N";"OC8";"TOTAL";"M";"CY";8.53
"INDIC";"G-N";"OC8";"TOTAL";"M";"CZ";6.28
"INDIC";"G-N";"OC8";"TOTAL";"M";"DE";11.96
"INDIC";"G-N";"OC8";"TOTAL";"M";"DK";18.57
"INDIC";"G-N";"OC8";"TOTAL";"M";"EE";6.66
"INDIC";"G-N";"OC8";"TOTAL";"M";"EL";NA
"INDIC";"G-N";"OC8";"TOTAL";"M";"ES";11.2
"INDIC";"G-N";"OC8";"TOTAL";"M";"FI";14.68
"INDIC";"G-N";"OC8";"TOTAL";"M";"FR";13.05
"INDIC";"G-N";"OC8";"TOTAL";"M";"HR";NA
"INDIC";"G-N";"OC8";"TOTAL";"M";"HU";6.1
"INDIC";"G-N";"OC8";"TOTAL";"M";"IE";14.69
"INDIC";"G-N";"OC8";"TOTAL";"M";"IT";11.33
"INDIC";"G-N";"OC8";"TOTAL";"M";"LT";4.72
"INDIC";"G-N";"OC8";"TOTAL";"M";"LU";13.49
"INDIC";"G-N";"OC8";"TOTAL";"M";"LV";5.49
"INDIC";"G-N";"OC8";"TOTAL";"M";"MT";9.07
"INDIC";"G-N";"OC8";"TOTAL";"M";"NL";12.64
"INDIC";"G-N";"OC8";"TOTAL";"M";"PL";6.73
"INDIC";"G-N";"OC8";"TOTAL";"M";"PT";6.54
"INDIC";"G-N";"OC8";"TOTAL";"M";"RO";3.89
"INDIC";"G-N";"OC8";"TOTAL";"M";"SE";14.14
"INDIC";"G-N";"OC8";"TOTAL";"M";"SI";8.14
"INDIC";"G-N";"OC8";"TOTAL";"M";"SK";5.85
"INDIC";"G-N";"OC8";"TOTAL";"M";"UK";11.32
"INDIC";"G-N";"OC8";"TOTAL";"T";"AT";12.28
"INDIC";"G-N";"OC8";"TOTAL";"T";"BE";14.94
"INDIC";"G-N";"OC8";"TOTAL";"T";"BG";3.58
"INDIC";"G-N";"OC8";"TOTAL";"T";"CY";8.42
"INDIC";"G-N";"OC8";"TOTAL";"T";"CZ";6.15
"INDIC";"G-N";"OC8";"TOTAL";"T";"DE";11.81
"INDIC";"G-N";"OC8";"TOTAL";"T";"DK";18.42
"INDIC";"G-N";"OC8";"TOTAL";"T";"EE";6.6
"INDIC";"G-N";"OC8";"TOTAL";"T";"EL";NA
"INDIC";"G-N";"OC8";"TOTAL";"T";"ES";11.09
"INDIC";"G-N";"OC8";"TOTAL";"T";"FI";14.52
"INDIC";"G-N";"OC8";"TOTAL";"T";"FR";12.88
"INDIC";"G-N";"OC8";"TOTAL";"T";"HR";NA
"INDIC";"G-N";"OC8";"TOTAL";"T";"HU";6
"INDIC";"G-N";"OC8";"TOTAL";"T";"IE";14.68
"INDIC";"G-N";"OC8";"TOTAL";"T";"IT";11.11
"INDIC";"G-N";"OC8";"TOTAL";"T";"LT";4.75
"INDIC";"G-N";"OC8";"TOTAL";"T";"LU";13.44
"INDIC";"G-N";"OC8";"TOTAL";"T";"LV";5.52
"INDIC";"G-N";"OC8";"TOTAL";"T";"MT";9.02
"INDIC";"G-N";"OC8";"TOTAL";"T";"NL";12.55
"INDIC";"G-N";"OC8";"TOTAL";"T";"PL";6.76
"INDIC";"G-N";"OC8";"TOTAL";"T";"PT";6.49
"INDIC";"G-N";"OC8";"TOTAL";"T";"RO";3.88
"INDIC";"G-N";"OC8";"TOTAL";"T";"SE";14.07
"INDIC";"G-N";"OC8";"TOTAL";"T";"SI";8.11
"INDIC";"G-N";"OC8";"TOTAL";"T";"SK";5.71
"INDIC";"G-N";"OC8";"TOTAL";"T";"UK";11.14
"INDIC";"G-N";"OC9";"TOTAL";"F";"AT";8.63
"INDIC";"G-N";"OC9";"TOTAL";"F";"BE";12.7
"INDIC";"G-N";"OC9";"TOTAL";"F";"BG";2.69
"INDIC";"G-N";"OC9";"TOTAL";"F";"CY";6.42
"INDIC";"G-N";"OC9";"TOTAL";"F";"CZ";4.26
"INDIC";"G-N";"OC9";"TOTAL";"F";"DE";8.99
"INDIC";"G-N";"OC9";"TOTAL";"F";"DK";14.48
"INDIC";"G-N";"OC9";"TOTAL";"F";"EE";4.04
"INDIC";"G-N";"OC9";"TOTAL";"F";"EL";NA
"INDIC";"G-N";"OC9";"TOTAL";"F";"ES";8.12
"INDIC";"G-N";"OC9";"TOTAL";"F";"FI";9.95
"INDIC";"G-N";"OC9";"TOTAL";"F";"FR";10.37
"INDIC";"G-N";"OC9";"TOTAL";"F";"HR";NA
"INDIC";"G-N";"OC9";"TOTAL";"F";"HU";5.09
"INDIC";"G-N";"OC9";"TOTAL";"F";"IE";10.96
"INDIC";"G-N";"OC9";"TOTAL";"F";"IT";8.21
"INDIC";"G-N";"OC9";"TOTAL";"F";"LT";3.46
"INDIC";"G-N";"OC9";"TOTAL";"F";"LU";10.02
"INDIC";"G-N";"OC9";"TOTAL";"F";"LV";3.96
"INDIC";"G-N";"OC9";"TOTAL";"F";"MT";7.06
"INDIC";"G-N";"OC9";"TOTAL";"F";"NL";8.94
"INDIC";"G-N";"OC9";"TOTAL";"F";"PL";4.81
"INDIC";"G-N";"OC9";"TOTAL";"F";"PT";4.69
"INDIC";"G-N";"OC9";"TOTAL";"F";"RO";2.65
"INDIC";"G-N";"OC9";"TOTAL";"F";"SE";11.44
"INDIC";"G-N";"OC9";"TOTAL";"F";"SI";5.85
"INDIC";"G-N";"OC9";"TOTAL";"F";"SK";4.33
"INDIC";"G-N";"OC9";"TOTAL";"F";"UK";7.62
"INDIC";"G-N";"OC9";"TOTAL";"M";"AT";10.38
"INDIC";"G-N";"OC9";"TOTAL";"M";"BE";13.38
"INDIC";"G-N";"OC9";"TOTAL";"M";"BG";3
"INDIC";"G-N";"OC9";"TOTAL";"M";"CY";7.01
"INDIC";"G-N";"OC9";"TOTAL";"M";"CZ";5.3
"INDIC";"G-N";"OC9";"TOTAL";"M";"DE";9.52
"INDIC";"G-N";"OC9";"TOTAL";"M";"DK";15.96
"INDIC";"G-N";"OC9";"TOTAL";"M";"EE";5.19
"INDIC";"G-N";"OC9";"TOTAL";"M";"EL";NA
"INDIC";"G-N";"OC9";"TOTAL";"M";"ES";8.79
"INDIC";"G-N";"OC9";"TOTAL";"M";"FI";11.68
"INDIC";"G-N";"OC9";"TOTAL";"M";"FR";11.72
"INDIC";"G-N";"OC9";"TOTAL";"M";"HR";NA
"INDIC";"G-N";"OC9";"TOTAL";"M";"HU";5.18
"INDIC";"G-N";"OC9";"TOTAL";"M";"IE";14.36
"INDIC";"G-N";"OC9";"TOTAL";"M";"IT";9.23
"INDIC";"G-N";"OC9";"TOTAL";"M";"LT";3.81
"INDIC";"G-N";"OC9";"TOTAL";"M";"LU";11.15
"INDIC";"G-N";"OC9";"TOTAL";"M";"LV";4.3
"INDIC";"G-N";"OC9";"TOTAL";"M";"MT";8.28
"INDIC";"G-N";"OC9";"TOTAL";"M";"NL";9.18
"INDIC";"G-N";"OC9";"TOTAL";"M";"PL";5.59
"INDIC";"G-N";"OC9";"TOTAL";"M";"PT";6.13
"INDIC";"G-N";"OC9";"TOTAL";"M";"RO";2.82
"INDIC";"G-N";"OC9";"TOTAL";"M";"SE";12.35
"INDIC";"G-N";"OC9";"TOTAL";"M";"SI";6.82
"INDIC";"G-N";"OC9";"TOTAL";"M";"SK";5.54
"INDIC";"G-N";"OC9";"TOTAL";"M";"UK";8.69
"INDIC";"G-N";"OC9";"TOTAL";"T";"AT";9.41
"INDIC";"G-N";"OC9";"TOTAL";"T";"BE";12.97
"INDIC";"G-N";"OC9";"TOTAL";"T";"BG";2.86
"INDIC";"G-N";"OC9";"TOTAL";"T";"CY";6.65
"INDIC";"G-N";"OC9";"TOTAL";"T";"CZ";4.7
"INDIC";"G-N";"OC9";"TOTAL";"T";"DE";9.19
"INDIC";"G-N";"OC9";"TOTAL";"T";"DK";15.32
"INDIC";"G-N";"OC9";"TOTAL";"T";"EE";4.46
"INDIC";"G-N";"OC9";"TOTAL";"T";"EL";NA
"INDIC";"G-N";"OC9";"TOTAL";"T";"ES";8.36
"INDIC";"G-N";"OC9";"TOTAL";"T";"FI";10.66
"INDIC";"G-N";"OC9";"TOTAL";"T";"FR";11.06
"INDIC";"G-N";"OC9";"TOTAL";"T";"HR";NA
"INDIC";"G-N";"OC9";"TOTAL";"T";"HU";5.14
"INDIC";"G-N";"OC9";"TOTAL";"T";"IE";12.86
"INDIC";"G-N";"OC9";"TOTAL";"T";"IT";8.87
"INDIC";"G-N";"OC9";"TOTAL";"T";"LT";3.59
"INDIC";"G-N";"OC9";"TOTAL";"T";"LU";10.45
"INDIC";"G-N";"OC9";"TOTAL";"T";"LV";4.09
"INDIC";"G-N";"OC9";"TOTAL";"T";"MT";7.78
"INDIC";"G-N";"OC9";"TOTAL";"T";"NL";9.08
"INDIC";"G-N";"OC9";"TOTAL";"T";"PL";5.11
"INDIC";"G-N";"OC9";"TOTAL";"T";"PT";5.12
"INDIC";"G-N";"OC9";"TOTAL";"T";"RO";2.75
"INDIC";"G-N";"OC9";"TOTAL";"T";"SE";11.88
"INDIC";"G-N";"OC9";"TOTAL";"T";"SI";6.28
"INDIC";"G-N";"OC9";"TOTAL";"T";"SK";4.83
"INDIC";"G-N";"OC9";"TOTAL";"T";"UK";8.23
"INDIC";"P-S";"OC1";"TOTAL";"F";"AT";23.28
"INDIC";"P-S";"OC1";"TOTAL";"F";"BE";32.09
"INDIC";"P-S";"OC1";"TOTAL";"F";"BG";7.55
"INDIC";"P-S";"OC1";"TOTAL";"F";"CY";30.34
"INDIC";"P-S";"OC1";"TOTAL";"F";"CZ";12.17
"INDIC";"P-S";"OC1";"TOTAL";"F";"DE";30.91
"INDIC";"P-S";"OC1";"TOTAL";"F";"DK";26.2
"INDIC";"P-S";"OC1";"TOTAL";"F";"EE";9.78
"INDIC";"P-S";"OC1";"TOTAL";"F";"EL";NA
"INDIC";"P-S";"OC1";"TOTAL";"F";"ES";20.5
"INDIC";"P-S";"OC1";"TOTAL";"F";"FI";23.65
"INDIC";"P-S";"OC1";"TOTAL";"F";"FR";22.29
"INDIC";"P-S";"OC1";"TOTAL";"F";"HR";NA
"INDIC";"P-S";"OC1";"TOTAL";"F";"HU";11.1
"INDIC";"P-S";"OC1";"TOTAL";"F";"IE";26.71
"INDIC";"P-S";"OC1";"TOTAL";"F";"IT";32.25
"INDIC";"P-S";"OC1";"TOTAL";"F";"LT";8.73
"INDIC";"P-S";"OC1";"TOTAL";"F";"LU";28.26
"INDIC";"P-S";"OC1";"TOTAL";"F";"LV";8.1
"INDIC";"P-S";"OC1";"TOTAL";"F";"MT";17.75
"INDIC";"P-S";"OC1";"TOTAL";"F";"NL";24.16
"INDIC";"P-S";"OC1";"TOTAL";"F";"PL";13.5
"INDIC";"P-S";"OC1";"TOTAL";"F";"PT";17.21
"INDIC";"P-S";"OC1";"TOTAL";"F";"RO";10.04
"INDIC";"P-S";"OC1";"TOTAL";"F";"SE";22.31
"INDIC";"P-S";"OC1";"TOTAL";"F";"SI";19.84
"INDIC";"P-S";"OC1";"TOTAL";"F";"SK";10.74
"INDIC";"P-S";"OC1";"TOTAL";"F";"UK";21.52
"INDIC";"P-S";"OC1";"TOTAL";"M";"AT";29.52
"INDIC";"P-S";"OC1";"TOTAL";"M";"BE";35.14
"INDIC";"P-S";"OC1";"TOTAL";"M";"BG";11.34
"INDIC";"P-S";"OC1";"TOTAL";"M";"CY";34.63
"INDIC";"P-S";"OC1";"TOTAL";"M";"CZ";15.67
"INDIC";"P-S";"OC1";"TOTAL";"M";"DE";44.44
"INDIC";"P-S";"OC1";"TOTAL";"M";"DK";31.06
"INDIC";"P-S";"OC1";"TOTAL";"M";"EE";13.98
"INDIC";"P-S";"OC1";"TOTAL";"M";"EL";NA
"INDIC";"P-S";"OC1";"TOTAL";"M";"ES";26.72
"INDIC";"P-S";"OC1";"TOTAL";"M";"FI";30.07
"INDIC";"P-S";"OC1";"TOTAL";"M";"FR";31.32
"INDIC";"P-S";"OC1";"TOTAL";"M";"HR";NA
"INDIC";"P-S";"OC1";"TOTAL";"M";"HU";15.06
"INDIC";"P-S";"OC1";"TOTAL";"M";"IE";31.79
"INDIC";"P-S";"OC1";"TOTAL";"M";"IT";33.44
"INDIC";"P-S";"OC1";"TOTAL";"M";"LT";10.66
"INDIC";"P-S";"OC1";"TOTAL";"M";"LU";37.64
"INDIC";"P-S";"OC1";"TOTAL";"M";"LV";10.71
"INDIC";"P-S";"OC1";"TOTAL";"M";"MT";24.02
"INDIC";"P-S";"OC1";"TOTAL";"M";"NL";28.83
"INDIC";"P-S";"OC1";"TOTAL";"M";"PL";17.57
"INDIC";"P-S";"OC1";"TOTAL";"M";"PT";20.2
"INDIC";"P-S";"OC1";"TOTAL";"M";"RO";11.38
"INDIC";"P-S";"OC1";"TOTAL";"M";"SE";24.58
"INDIC";"P-S";"OC1";"TOTAL";"M";"SI";23.02
"INDIC";"P-S";"OC1";"TOTAL";"M";"SK";15.44
"INDIC";"P-S";"OC1";"TOTAL";"M";"UK";26.06
"INDIC";"P-S";"OC1";"TOTAL";"T";"AT";26.78
"INDIC";"P-S";"OC1";"TOTAL";"T";"BE";34.2
"INDIC";"P-S";"OC1";"TOTAL";"T";"BG";8.77
"INDIC";"P-S";"OC1";"TOTAL";"T";"CY";32.78
"INDIC";"P-S";"OC1";"TOTAL";"T";"CZ";13.69
"INDIC";"P-S";"OC1";"TOTAL";"T";"DE";38.48
"INDIC";"P-S";"OC1";"TOTAL";"T";"DK";28.46
"INDIC";"P-S";"OC1";"TOTAL";"T";"EE";11.03
"INDIC";"P-S";"OC1";"TOTAL";"T";"EL";NA
"INDIC";"P-S";"OC1";"TOTAL";"T";"ES";23.33
"INDIC";"P-S";"OC1";"TOTAL";"T";"FI";26.22
"INDIC";"P-S";"OC1";"TOTAL";"T";"FR";26.46
"INDIC";"P-S";"OC1";"TOTAL";"T";"HR";NA
"INDIC";"P-S";"OC1";"TOTAL";"T";"HU";12.3
"INDIC";"P-S";"OC1";"TOTAL";"T";"IE";28.82
"INDIC";"P-S";"OC1";"TOTAL";"T";"IT";32.86
"INDIC";"P-S";"OC1";"TOTAL";"T";"LT";9.3
"INDIC";"P-S";"OC1";"TOTAL";"T";"LU";34.34
"INDIC";"P-S";"OC1";"TOTAL";"T";"LV";8.65
"INDIC";"P-S";"OC1";"TOTAL";"T";"MT";20.72
"INDIC";"P-S";"OC1";"TOTAL";"T";"NL";26.44
"INDIC";"P-S";"OC1";"TOTAL";"T";"PL";14.57
"INDIC";"P-S";"OC1";"TOTAL";"T";"PT";18.68
"INDIC";"P-S";"OC1";"TOTAL";"T";"RO";10.58
"INDIC";"P-S";"OC1";"TOTAL";"T";"SE";23.05
"INDIC";"P-S";"OC1";"TOTAL";"T";"SI";21.32
"INDIC";"P-S";"OC1";"TOTAL";"T";"SK";12.38
"INDIC";"P-S";"OC1";"TOTAL";"T";"UK";23.45
"INDIC";"P-S";"OC2";"TOTAL";"F";"AT";18.4
"INDIC";"P-S";"OC2";"TOTAL";"F";"BE";26.59
"INDIC";"P-S";"OC2";"TOTAL";"F";"BG";5.22
"INDIC";"P-S";"OC2";"TOTAL";"F";"CY";20.07
"INDIC";"P-S";"OC2";"TOTAL";"F";"CZ";8.84
"INDIC";"P-S";"OC2";"TOTAL";"F";"DE";22.14
"INDIC";"P-S";"OC2";"TOTAL";"F";"DK";20.2
"INDIC";"P-S";"OC2";"TOTAL";"F";"EE";8.24
"INDIC";"P-S";"OC2";"TOTAL";"F";"EL";NA
"INDIC";"P-S";"OC2";"TOTAL";"F";"ES";17.6
"INDIC";"P-S";"OC2";"TOTAL";"F";"FI";18.64
"INDIC";"P-S";"OC2";"TOTAL";"F";"FR";17.42
"INDIC";"P-S";"OC2";"TOTAL";"F";"HR";NA
"INDIC";"P-S";"OC2";"TOTAL";"F";"HU";8.94
"INDIC";"P-S";"OC2";"TOTAL";"F";"IE";27.3
"INDIC";"P-S";"OC2";"TOTAL";"F";"IT";25.2
"INDIC";"P-S";"OC2";"TOTAL";"F";"LT";7.57
"INDIC";"P-S";"OC2";"TOTAL";"F";"LU";31.77
"INDIC";"P-S";"OC2";"TOTAL";"F";"LV";6.6
"INDIC";"P-S";"OC2";"TOTAL";"F";"MT";14.84
"INDIC";"P-S";"OC2";"TOTAL";"F";"NL";20.01
"INDIC";"P-S";"OC2";"TOTAL";"F";"PL";14.77
"INDIC";"P-S";"OC2";"TOTAL";"F";"PT";14.8
"INDIC";"P-S";"OC2";"TOTAL";"F";"RO";6.18
"INDIC";"P-S";"OC2";"TOTAL";"F";"SE";16.34
"INDIC";"P-S";"OC2";"TOTAL";"F";"SI";13.29
"INDIC";"P-S";"OC2";"TOTAL";"F";"SK";8.28
"INDIC";"P-S";"OC2";"TOTAL";"F";"UK";19.88
"INDIC";"P-S";"OC2";"TOTAL";"M";"AT";24.14
"INDIC";"P-S";"OC2";"TOTAL";"M";"BE";28.52
"INDIC";"P-S";"OC2";"TOTAL";"M";"BG";6.6
"INDIC";"P-S";"OC2";"TOTAL";"M";"CY";20.05
"INDIC";"P-S";"OC2";"TOTAL";"M";"CZ";11.2
"INDIC";"P-S";"OC2";"TOTAL";"M";"DE";26.46
"INDIC";"P-S";"OC2";"TOTAL";"M";"DK";22.82
"INDIC";"P-S";"OC2";"TOTAL";"M";"EE";10.6
"INDIC";"P-S";"OC2";"TOTAL";"M";"EL";NA
"INDIC";"P-S";"OC2";"TOTAL";"M";"ES";20.64
"INDIC";"P-S";"OC2";"TOTAL";"M";"FI";22.37
"INDIC";"P-S";"OC2";"TOTAL";"M";"FR";21.09
"INDIC";"P-S";"OC2";"TOTAL";"M";"HR";NA
"INDIC";"P-S";"OC2";"TOTAL";"M";"HU";10.32
"INDIC";"P-S";"OC2";"TOTAL";"M";"IE";34.55
"INDIC";"P-S";"OC2";"TOTAL";"M";"IT";32.51
"INDIC";"P-S";"OC2";"TOTAL";"M";"LT";9.37
"INDIC";"P-S";"OC2";"TOTAL";"M";"LU";32.89
"INDIC";"P-S";"OC2";"TOTAL";"M";"LV";8.25
"INDIC";"P-S";"OC2";"TOTAL";"M";"MT";17.2
"INDIC";"P-S";"OC2";"TOTAL";"M";"NL";23.29
"INDIC";"P-S";"OC2";"TOTAL";"M";"PL";16.31
"INDIC";"P-S";"OC2";"TOTAL";"M";"PT";16.73
"INDIC";"P-S";"OC2";"TOTAL";"M";"RO";6.61
"INDIC";"P-S";"OC2";"TOTAL";"M";"SE";18.97
"INDIC";"P-S";"OC2";"TOTAL";"M";"SI";16.25
"INDIC";"P-S";"OC2";"TOTAL";"M";"SK";9.43
"INDIC";"P-S";"OC2";"TOTAL";"M";"UK";23.7
"INDIC";"P-S";"OC2";"TOTAL";"T";"AT";21
"INDIC";"P-S";"OC2";"TOTAL";"T";"BE";27.24
"INDIC";"P-S";"OC2";"TOTAL";"T";"BG";5.5
"INDIC";"P-S";"OC2";"TOTAL";"T";"CY";20.06
"INDIC";"P-S";"OC2";"TOTAL";"T";"CZ";9.53
"INDIC";"P-S";"OC2";"TOTAL";"T";"DE";23.65
"INDIC";"P-S";"OC2";"TOTAL";"T";"DK";20.96
"INDIC";"P-S";"OC2";"TOTAL";"T";"EE";8.7
"INDIC";"P-S";"OC2";"TOTAL";"T";"EL";NA
"INDIC";"P-S";"OC2";"TOTAL";"T";"ES";18.53
"INDIC";"P-S";"OC2";"TOTAL";"T";"FI";19.73
"INDIC";"P-S";"OC2";"TOTAL";"T";"FR";18.68
"INDIC";"P-S";"OC2";"TOTAL";"T";"HR";NA
"INDIC";"P-S";"OC2";"TOTAL";"T";"HU";9.29
"INDIC";"P-S";"OC2";"TOTAL";"T";"IE";28.96
"INDIC";"P-S";"OC2";"TOTAL";"T";"IT";27.07
"INDIC";"P-S";"OC2";"TOTAL";"T";"LT";7.92
"INDIC";"P-S";"OC2";"TOTAL";"T";"LU";32.16
"INDIC";"P-S";"OC2";"TOTAL";"T";"LV";6.84
"INDIC";"P-S";"OC2";"TOTAL";"T";"MT";15.78
"INDIC";"P-S";"OC2";"TOTAL";"T";"NL";20.99
"INDIC";"P-S";"OC2";"TOTAL";"T";"PL";15.1
"INDIC";"P-S";"OC2";"TOTAL";"T";"PT";15.32
"INDIC";"P-S";"OC2";"TOTAL";"T";"RO";6.28
"INDIC";"P-S";"OC2";"TOTAL";"T";"SE";17.02
"INDIC";"P-S";"OC2";"TOTAL";"T";"SI";13.97
"INDIC";"P-S";"OC2";"TOTAL";"T";"SK";8.56
"INDIC";"P-S";"OC2";"TOTAL";"T";"UK";21.12
"INDIC";"P-S";"OC3";"TOTAL";"F";"AT";14.64
"INDIC";"P-S";"OC3";"TOTAL";"F";"BE";18.71
"INDIC";"P-S";"OC3";"TOTAL";"F";"BG";4.84
"INDIC";"P-S";"OC3";"TOTAL";"F";"CY";14.44
"INDIC";"P-S";"OC3";"TOTAL";"F";"CZ";7.87
"INDIC";"P-S";"OC3";"TOTAL";"F";"DE";15.89
"INDIC";"P-S";"OC3";"TOTAL";"F";"DK";18.35
"INDIC";"P-S";"OC3";"TOTAL";"F";"EE";6.49
"INDIC";"P-S";"OC3";"TOTAL";"F";"EL";NA
"INDIC";"P-S";"OC3";"TOTAL";"F";"ES";11.95
"INDIC";"P-S";"OC3";"TOTAL";"F";"FI";14.24
"INDIC";"P-S";"OC3";"TOTAL";"F";"FR";14.58
"INDIC";"P-S";"OC3";"TOTAL";"F";"HR";NA
"INDIC";"P-S";"OC3";"TOTAL";"F";"HU";5.92
"INDIC";"P-S";"OC3";"TOTAL";"F";"IE";20.23
"INDIC";"P-S";"OC3";"TOTAL";"F";"IT";13.25
"INDIC";"P-S";"OC3";"TOTAL";"F";"LT";4.6
"INDIC";"P-S";"OC3";"TOTAL";"F";"LU";23.39
"INDIC";"P-S";"OC3";"TOTAL";"F";"LV";5.15
"INDIC";"P-S";"OC3";"TOTAL";"F";"MT";13.49
"INDIC";"P-S";"OC3";"TOTAL";"F";"NL";15.86
"INDIC";"P-S";"OC3";"TOTAL";"F";"PL";7.23
"INDIC";"P-S";"OC3";"TOTAL";"F";"PT";8.28
"INDIC";"P-S";"OC3";"TOTAL";"F";"RO";4.2
"INDIC";"P-S";"OC3";"TOTAL";"F";"SE";14.01
"INDIC";"P-S";"OC3";"TOTAL";"F";"SI";10.03
"INDIC";"P-S";"OC3";"TOTAL";"F";"SK";6.77
"INDIC";"P-S";"OC3";"TOTAL";"F";"UK";13.22
"INDIC";"P-S";"OC3";"TOTAL";"M";"AT";14.87
"INDIC";"P-S";"OC3";"TOTAL";"M";"BE";19.03
"INDIC";"P-S";"OC3";"TOTAL";"M";"BG";5.38
"INDIC";"P-S";"OC3";"TOTAL";"M";"CY";33.36
"INDIC";"P-S";"OC3";"TOTAL";"M";"CZ";8.5
"INDIC";"P-S";"OC3";"TOTAL";"M";"DE";17.64
"INDIC";"P-S";"OC3";"TOTAL";"M";"DK";20.94
"INDIC";"P-S";"OC3";"TOTAL";"M";"EE";6.56
"INDIC";"P-S";"OC3";"TOTAL";"M";"EL";NA
"INDIC";"P-S";"OC3";"TOTAL";"M";"ES";13.61
"INDIC";"P-S";"OC3";"TOTAL";"M";"FI";15.18
"INDIC";"P-S";"OC3";"TOTAL";"M";"FR";15.75
"INDIC";"P-S";"OC3";"TOTAL";"M";"HR";NA
"INDIC";"P-S";"OC3";"TOTAL";"M";"HU";7.22
"INDIC";"P-S";"OC3";"TOTAL";"M";"IE";25.12
"INDIC";"P-S";"OC3";"TOTAL";"M";"IT";18.23
"INDIC";"P-S";"OC3";"TOTAL";"M";"LT";5.84
"INDIC";"P-S";"OC3";"TOTAL";"M";"LU";22.97
"INDIC";"P-S";"OC3";"TOTAL";"M";"LV";5.37
"INDIC";"P-S";"OC3";"TOTAL";"M";"MT";14.71
"INDIC";"P-S";"OC3";"TOTAL";"M";"NL";17.4
"INDIC";"P-S";"OC3";"TOTAL";"M";"PL";8.07
"INDIC";"P-S";"OC3";"TOTAL";"M";"PT";10.22
"INDIC";"P-S";"OC3";"TOTAL";"M";"RO";4.04
"INDIC";"P-S";"OC3";"TOTAL";"M";"SE";15.38
"INDIC";"P-S";"OC3";"TOTAL";"M";"SI";10.36
"INDIC";"P-S";"OC3";"TOTAL";"M";"SK";7.21
"INDIC";"P-S";"OC3";"TOTAL";"M";"UK";15.9
"INDIC";"P-S";"OC3";"TOTAL";"T";"AT";14.72
"INDIC";"P-S";"OC3";"TOTAL";"T";"BE";18.78
"INDIC";"P-S";"OC3";"TOTAL";"T";"BG";4.99
"INDIC";"P-S";"OC3";"TOTAL";"T";"CY";23.19
"INDIC";"P-S";"OC3";"TOTAL";"T";"CZ";7.97
"INDIC";"P-S";"OC3";"TOTAL";"T";"DE";16.25
"INDIC";"P-S";"OC3";"TOTAL";"T";"DK";18.9
"INDIC";"P-S";"OC3";"TOTAL";"T";"EE";6.51
"INDIC";"P-S";"OC3";"TOTAL";"T";"EL";NA
"INDIC";"P-S";"OC3";"TOTAL";"T";"ES";12.6
"INDIC";"P-S";"OC3";"TOTAL";"T";"FI";14.38
"INDIC";"P-S";"OC3";"TOTAL";"T";"FR";14.87
"INDIC";"P-S";"OC3";"TOTAL";"T";"HR";NA
"INDIC";"P-S";"OC3";"TOTAL";"T";"HU";6.11
"INDIC";"P-S";"OC3";"TOTAL";"T";"IE";22.07
"INDIC";"P-S";"OC3";"TOTAL";"T";"IT";14.55
"INDIC";"P-S";"OC3";"TOTAL";"T";"LT";4.81
"INDIC";"P-S";"OC3";"TOTAL";"T";"LU";23.29
"INDIC";"P-S";"OC3";"TOTAL";"T";"LV";5.19
"INDIC";"P-S";"OC3";"TOTAL";"T";"MT";14.06
"INDIC";"P-S";"OC3";"TOTAL";"T";"NL";16.16
"INDIC";"P-S";"OC3";"TOTAL";"T";"PL";7.41
"INDIC";"P-S";"OC3";"TOTAL";"T";"PT";8.88
"INDIC";"P-S";"OC3";"TOTAL";"T";"RO";4.15
"INDIC";"P-S";"OC3";"TOTAL";"T";"SE";14.49
"INDIC";"P-S";"OC3";"TOTAL";"T";"SI";10.1
"INDIC";"P-S";"OC3";"TOTAL";"T";"SK";6.86
"INDIC";"P-S";"OC3";"TOTAL";"T";"UK";14.16
"INDIC";"P-S";"OC4";"TOTAL";"F";"AT";12.89
"INDIC";"P-S";"OC4";"TOTAL";"F";"BE";16.77
"INDIC";"P-S";"OC4";"TOTAL";"F";"BG";3.46
"INDIC";"P-S";"OC4";"TOTAL";"F";"CY";9.28
"INDIC";"P-S";"OC4";"TOTAL";"F";"CZ";6.35
"INDIC";"P-S";"OC4";"TOTAL";"F";"DE";15.28
"INDIC";"P-S";"OC4";"TOTAL";"F";"DK";17.35
"INDIC";"P-S";"OC4";"TOTAL";"F";"EE";5.26
"INDIC";"P-S";"OC4";"TOTAL";"F";"EL";NA
"INDIC";"P-S";"OC4";"TOTAL";"F";"ES";9.93
"INDIC";"P-S";"OC4";"TOTAL";"F";"FI";12.35
"INDIC";"P-S";"OC4";"TOTAL";"F";"FR";11.68
"INDIC";"P-S";"OC4";"TOTAL";"F";"HR";NA
"INDIC";"P-S";"OC4";"TOTAL";"F";"HU";5.57
"INDIC";"P-S";"OC4";"TOTAL";"F";"IE";18.16
"INDIC";"P-S";"OC4";"TOTAL";"F";"IT";12.01
"INDIC";"P-S";"OC4";"TOTAL";"F";"LT";4.1
"INDIC";"P-S";"OC4";"TOTAL";"F";"LU";19.45
"INDIC";"P-S";"OC4";"TOTAL";"F";"LV";4.95
"INDIC";"P-S";"OC4";"TOTAL";"F";"MT";12.36
"INDIC";"P-S";"OC4";"TOTAL";"F";"NL";14.34
"INDIC";"P-S";"OC4";"TOTAL";"F";"PL";7.15
"INDIC";"P-S";"OC4";"TOTAL";"F";"PT";6.73
"INDIC";"P-S";"OC4";"TOTAL";"F";"RO";3.8
"INDIC";"P-S";"OC4";"TOTAL";"F";"SE";13.09
"INDIC";"P-S";"OC4";"TOTAL";"F";"SI";8.94
"INDIC";"P-S";"OC4";"TOTAL";"F";"SK";6.11
"INDIC";"P-S";"OC4";"TOTAL";"F";"UK";10.65
"INDIC";"P-S";"OC4";"TOTAL";"M";"AT";13.05
"INDIC";"P-S";"OC4";"TOTAL";"M";"BE";16.57
"INDIC";"P-S";"OC4";"TOTAL";"M";"BG";3.24
"INDIC";"P-S";"OC4";"TOTAL";"M";"CY";9.74
"INDIC";"P-S";"OC4";"TOTAL";"M";"CZ";7.64
"INDIC";"P-S";"OC4";"TOTAL";"M";"DE";15.39
"INDIC";"P-S";"OC4";"TOTAL";"M";"DK";18.36
"INDIC";"P-S";"OC4";"TOTAL";"M";"EE";6.74
"INDIC";"P-S";"OC4";"TOTAL";"M";"EL";NA
"INDIC";"P-S";"OC4";"TOTAL";"M";"ES";11.3
"INDIC";"P-S";"OC4";"TOTAL";"M";"FI";11.74
"INDIC";"P-S";"OC4";"TOTAL";"M";"FR";12.53
"INDIC";"P-S";"OC4";"TOTAL";"M";"HR";NA
"INDIC";"P-S";"OC4";"TOTAL";"M";"HU";5.86
"INDIC";"P-S";"OC4";"TOTAL";"M";"IE";22.05
"INDIC";"P-S";"OC4";"TOTAL";"M";"IT";12.62
"INDIC";"P-S";"OC4";"TOTAL";"M";"LT";5.11
"INDIC";"P-S";"OC4";"TOTAL";"M";"LU";18.54
"INDIC";"P-S";"OC4";"TOTAL";"M";"LV";4.78
"INDIC";"P-S";"OC4";"TOTAL";"M";"MT";11.83
"INDIC";"P-S";"OC4";"TOTAL";"M";"NL";15.43
"INDIC";"P-S";"OC4";"TOTAL";"M";"PL";7.53
"INDIC";"P-S";"OC4";"TOTAL";"M";"PT";7.32
"INDIC";"P-S";"OC4";"TOTAL";"M";"RO";3.6
"INDIC";"P-S";"OC4";"TOTAL";"M";"SE";12.83
"INDIC";"P-S";"OC4";"TOTAL";"M";"SI";11.16
"INDIC";"P-S";"OC4";"TOTAL";"M";"SK";7.06
"INDIC";"P-S";"OC4";"TOTAL";"M";"UK";11.73
"INDIC";"P-S";"OC4";"TOTAL";"T";"AT";12.93
"INDIC";"P-S";"OC4";"TOTAL";"T";"BE";16.71
"INDIC";"P-S";"OC4";"TOTAL";"T";"BG";3.42
"INDIC";"P-S";"OC4";"TOTAL";"T";"CY";9.34
"INDIC";"P-S";"OC4";"TOTAL";"T";"CZ";6.56
"INDIC";"P-S";"OC4";"TOTAL";"T";"DE";15.3
"INDIC";"P-S";"OC4";"TOTAL";"T";"DK";17.54
"INDIC";"P-S";"OC4";"TOTAL";"T";"EE";5.43
"INDIC";"P-S";"OC4";"TOTAL";"T";"EL";NA
"INDIC";"P-S";"OC4";"TOTAL";"T";"ES";10.33
"INDIC";"P-S";"OC4";"TOTAL";"T";"FI";12.23
"INDIC";"P-S";"OC4";"TOTAL";"T";"FR";11.83
"INDIC";"P-S";"OC4";"TOTAL";"T";"HR";NA
"INDIC";"P-S";"OC4";"TOTAL";"T";"HU";5.6
"INDIC";"P-S";"OC4";"TOTAL";"T";"IE";18.66
"INDIC";"P-S";"OC4";"TOTAL";"T";"IT";12.21
"INDIC";"P-S";"OC4";"TOTAL";"T";"LT";4.26
"INDIC";"P-S";"OC4";"TOTAL";"T";"LU";19.22
"INDIC";"P-S";"OC4";"TOTAL";"T";"LV";4.94
"INDIC";"P-S";"OC4";"TOTAL";"T";"MT";12.17
"INDIC";"P-S";"OC4";"TOTAL";"T";"NL";14.53
"INDIC";"P-S";"OC4";"TOTAL";"T";"PL";7.2
"INDIC";"P-S";"OC4";"TOTAL";"T";"PT";6.85
"INDIC";"P-S";"OC4";"TOTAL";"T";"RO";3.74
"INDIC";"P-S";"OC4";"TOTAL";"T";"SE";13.05
"INDIC";"P-S";"OC4";"TOTAL";"T";"SI";9.36
"INDIC";"P-S";"OC4";"TOTAL";"T";"SK";6.25
"INDIC";"P-S";"OC4";"TOTAL";"T";"UK";10.86
"INDIC";"P-S";"OC5";"TOTAL";"F";"AT";11.13
"INDIC";"P-S";"OC5";"TOTAL";"F";"BE";15.27
"INDIC";"P-S";"OC5";"TOTAL";"F";"BG";2.91
"INDIC";"P-S";"OC5";"TOTAL";"F";"CY";8.37
"INDIC";"P-S";"OC5";"TOTAL";"F";"CZ";5.13
"INDIC";"P-S";"OC5";"TOTAL";"F";"DE";11.39
"INDIC";"P-S";"OC5";"TOTAL";"F";"DK";15.37
"INDIC";"P-S";"OC5";"TOTAL";"F";"EE";4
"INDIC";"P-S";"OC5";"TOTAL";"F";"EL";NA
"INDIC";"P-S";"OC5";"TOTAL";"F";"ES";9.1
"INDIC";"P-S";"OC5";"TOTAL";"F";"FI";11.77
"INDIC";"P-S";"OC5";"TOTAL";"F";"FR";11.46
"INDIC";"P-S";"OC5";"TOTAL";"F";"HR";NA
"INDIC";"P-S";"OC5";"TOTAL";"F";"HU";4.67
"INDIC";"P-S";"OC5";"TOTAL";"F";"IE";15.23
"INDIC";"P-S";"OC5";"TOTAL";"F";"IT";9.93
"INDIC";"P-S";"OC5";"TOTAL";"F";"LT";3.36
"INDIC";"P-S";"OC5";"TOTAL";"F";"LU";14.84
"INDIC";"P-S";"OC5";"TOTAL";"F";"LV";3.52
"INDIC";"P-S";"OC5";"TOTAL";"F";"MT";9.59
"INDIC";"P-S";"OC5";"TOTAL";"F";"NL";13.89
"INDIC";"P-S";"OC5";"TOTAL";"F";"PL";5.57
"INDIC";"P-S";"OC5";"TOTAL";"F";"PT";4.9
"INDIC";"P-S";"OC5";"TOTAL";"F";"RO";2.92
"INDIC";"P-S";"OC5";"TOTAL";"F";"SE";13.05
"INDIC";"P-S";"OC5";"TOTAL";"F";"SI";7.2
"INDIC";"P-S";"OC5";"TOTAL";"F";"SK";4.53
"INDIC";"P-S";"OC5";"TOTAL";"F";"UK";9.14
"INDIC";"P-S";"OC5";"TOTAL";"M";"AT";11.82
"INDIC";"P-S";"OC5";"TOTAL";"M";"BE";14.97
"INDIC";"P-S";"OC5";"TOTAL";"M";"BG";2.71
"INDIC";"P-S";"OC5";"TOTAL";"M";"CY";7.99
"INDIC";"P-S";"OC5";"TOTAL";"M";"CZ";5.86
"INDIC";"P-S";"OC5";"TOTAL";"M";"DE";12.1
"INDIC";"P-S";"OC5";"TOTAL";"M";"DK";15.24
"INDIC";"P-S";"OC5";"TOTAL";"M";"EE";4.54
"INDIC";"P-S";"OC5";"TOTAL";"M";"EL";NA
"INDIC";"P-S";"OC5";"TOTAL";"M";"ES";10.14
"INDIC";"P-S";"OC5";"TOTAL";"M";"FI";12.18
"INDIC";"P-S";"OC5";"TOTAL";"M";"FR";12.14
"INDIC";"P-S";"OC5";"TOTAL";"M";"HR";NA
"INDIC";"P-S";"OC5";"TOTAL";"M";"HU";5.32
"INDIC";"P-S";"OC5";"TOTAL";"M";"IE";17.78
"INDIC";"P-S";"OC5";"TOTAL";"M";"IT";11.36
"INDIC";"P-S";"OC5";"TOTAL";"M";"LT";4.18
"INDIC";"P-S";"OC5";"TOTAL";"M";"LU";15.92
"INDIC";"P-S";"OC5";"TOTAL";"M";"LV";4.15
"INDIC";"P-S";"OC5";"TOTAL";"M";"MT";10.4
"INDIC";"P-S";"OC5";"TOTAL";"M";"NL";13.92
"INDIC";"P-S";"OC5";"TOTAL";"M";"PL";6.05
"INDIC";"P-S";"OC5";"TOTAL";"M";"PT";5.61
"INDIC";"P-S";"OC5";"TOTAL";"M";"RO";2.8
"INDIC";"P-S";"OC5";"TOTAL";"M";"SE";12.92
"INDIC";"P-S";"OC5";"TOTAL";"M";"SI";7.35
"INDIC";"P-S";"OC5";"TOTAL";"M";"SK";5.15
"INDIC";"P-S";"OC5";"TOTAL";"M";"UK";10.03
"INDIC";"P-S";"OC5";"TOTAL";"T";"AT";11.29
"INDIC";"P-S";"OC5";"TOTAL";"T";"BE";15.23
"INDIC";"P-S";"OC5";"TOTAL";"T";"BG";2.88
"INDIC";"P-S";"OC5";"TOTAL";"T";"CY";8.24
"INDIC";"P-S";"OC5";"TOTAL";"T";"CZ";5.3
"INDIC";"P-S";"OC5";"TOTAL";"T";"DE";11.56
"INDIC";"P-S";"OC5";"TOTAL";"T";"DK";15.35
"INDIC";"P-S";"OC5";"TOTAL";"T";"EE";4.05
"INDIC";"P-S";"OC5";"TOTAL";"T";"EL";NA
"INDIC";"P-S";"OC5";"TOTAL";"T";"ES";9.32
"INDIC";"P-S";"OC5";"TOTAL";"T";"FI";11.81
"INDIC";"P-S";"OC5";"TOTAL";"T";"FR";11.57
"INDIC";"P-S";"OC5";"TOTAL";"T";"HR";NA
"INDIC";"P-S";"OC5";"TOTAL";"T";"HU";4.85
"INDIC";"P-S";"OC5";"TOTAL";"T";"IE";15.65
"INDIC";"P-S";"OC5";"TOTAL";"T";"IT";10.33
"INDIC";"P-S";"OC5";"TOTAL";"T";"LT";3.49
"INDIC";"P-S";"OC5";"TOTAL";"T";"LU";15.02
"INDIC";"P-S";"OC5";"TOTAL";"T";"LV";3.59
"INDIC";"P-S";"OC5";"TOTAL";"T";"MT";9.79
"INDIC";"P-S";"OC5";"TOTAL";"T";"NL";13.89
"INDIC";"P-S";"OC5";"TOTAL";"T";"PL";5.71
"INDIC";"P-S";"OC5";"TOTAL";"T";"PT";5
"INDIC";"P-S";"OC5";"TOTAL";"T";"RO";2.89
"INDIC";"P-S";"OC5";"TOTAL";"T";"SE";13.03
"INDIC";"P-S";"OC5";"TOTAL";"T";"SI";7.24
"INDIC";"P-S";"OC5";"TOTAL";"T";"SK";4.7
"INDIC";"P-S";"OC5";"TOTAL";"T";"UK";9.3
"INDIC";"P-S";"OC6";"TOTAL";"F";"BG";NA
"INDIC";"P-S";"OC6";"TOTAL";"F";"CY";NA
"INDIC";"P-S";"OC6";"TOTAL";"F";"CZ";4.86
"INDIC";"P-S";"OC6";"TOTAL";"F";"DE";12.18
"INDIC";"P-S";"OC6";"TOTAL";"F";"DK";14.88
"INDIC";"P-S";"OC6";"TOTAL";"F";"EE";4.36
"INDIC";"P-S";"OC6";"TOTAL";"F";"EL";NA
"INDIC";"P-S";"OC6";"TOTAL";"F";"ES";7.11
"INDIC";"P-S";"OC6";"TOTAL";"F";"FI";10.5
"INDIC";"P-S";"OC6";"TOTAL";"F";"FR";8.62
"INDIC";"P-S";"OC6";"TOTAL";"F";"HR";NA
"INDIC";"P-S";"OC6";"TOTAL";"F";"HU";4.77
"INDIC";"P-S";"OC6";"TOTAL";"F";"IE";NA
"INDIC";"P-S";"OC6";"TOTAL";"F";"IT";NA
"INDIC";"P-S";"OC6";"TOTAL";"F";"LT";NA
"INDIC";"P-S";"OC6";"TOTAL";"F";"LU";NA
"INDIC";"P-S";"OC6";"TOTAL";"F";"LV";3.11
"INDIC";"P-S";"OC6";"TOTAL";"F";"MT";NA
"INDIC";"P-S";"OC6";"TOTAL";"F";"NL";14.96
"INDIC";"P-S";"OC6";"TOTAL";"F";"PL";6.66
"INDIC";"P-S";"OC6";"TOTAL";"F";"PT";NA
"INDIC";"P-S";"OC6";"TOTAL";"F";"RO";2.76
"INDIC";"P-S";"OC6";"TOTAL";"F";"SE";12.31
"INDIC";"P-S";"OC6";"TOTAL";"F";"SI";7.7
"INDIC";"P-S";"OC6";"TOTAL";"F";"SK";4.22
"INDIC";"P-S";"OC6";"TOTAL";"F";"UK";10.35
"INDIC";"P-S";"OC6";"TOTAL";"M";"BG";NA
"INDIC";"P-S";"OC6";"TOTAL";"M";"CY";NA
"INDIC";"P-S";"OC6";"TOTAL";"M";"CZ";5.65
"INDIC";"P-S";"OC6";"TOTAL";"M";"DE";13.97
"INDIC";"P-S";"OC6";"TOTAL";"M";"DK";16.35
"INDIC";"P-S";"OC6";"TOTAL";"M";"EE";5.64
"INDIC";"P-S";"OC6";"TOTAL";"M";"EL";NA
"INDIC";"P-S";"OC6";"TOTAL";"M";"ES";8.93
"INDIC";"P-S";"OC6";"TOTAL";"M";"FI";11.38
"INDIC";"P-S";"OC6";"TOTAL";"M";"FR";10.06
"INDIC";"P-S";"OC6";"TOTAL";"M";"HR";NA
"INDIC";"P-S";"OC6";"TOTAL";"M";"HU";4.73
"INDIC";"P-S";"OC6";"TOTAL";"M";"IE";16.93
"INDIC";"P-S";"OC6";"TOTAL";"M";"IT";8.83
"INDIC";"P-S";"OC6";"TOTAL";"M";"LT";NA
"INDIC";"P-S";"OC6";"TOTAL";"M";"LU";NA
"INDIC";"P-S";"OC6";"TOTAL";"M";"LV";3.09
"INDIC";"P-S";"OC6";"TOTAL";"M";"MT";NA
"INDIC";"P-S";"OC6";"TOTAL";"M";"NL";13.61
"INDIC";"P-S";"OC6";"TOTAL";"M";"PL";6.23
"INDIC";"P-S";"OC6";"TOTAL";"M";"PT";6.25
"INDIC";"P-S";"OC6";"TOTAL";"M";"RO";2.72
"INDIC";"P-S";"OC6";"TOTAL";"M";"SE";12.68
"INDIC";"P-S";"OC6";"TOTAL";"M";"SI";8.04
"INDIC";"P-S";"OC6";"TOTAL";"M";"SK";4.72
"INDIC";"P-S";"OC6";"TOTAL";"M";"UK";10.45
"INDIC";"P-S";"OC6";"TOTAL";"T";"BG";NA
"INDIC";"P-S";"OC6";"TOTAL";"T";"CY";NA
"INDIC";"P-S";"OC6";"TOTAL";"T";"CZ";5.3
"INDIC";"P-S";"OC6";"TOTAL";"T";"DE";13.73
"INDIC";"P-S";"OC6";"TOTAL";"T";"DK";15.87
"INDIC";"P-S";"OC6";"TOTAL";"T";"EE";4.81
"INDIC";"P-S";"OC6";"TOTAL";"T";"EL";NA
"INDIC";"P-S";"OC6";"TOTAL";"T";"ES";8.62
"INDIC";"P-S";"OC6";"TOTAL";"T";"FI";10.85
"INDIC";"P-S";"OC6";"TOTAL";"T";"FR";9.84
"INDIC";"P-S";"OC6";"TOTAL";"T";"HR";NA
"INDIC";"P-S";"OC6";"TOTAL";"T";"HU";4.74
"INDIC";"P-S";"OC6";"TOTAL";"T";"IE";17.51
"INDIC";"P-S";"OC6";"TOTAL";"T";"IT";9.21
"INDIC";"P-S";"OC6";"TOTAL";"T";"LT";NA
"INDIC";"P-S";"OC6";"TOTAL";"T";"LU";NA
"INDIC";"P-S";"OC6";"TOTAL";"T";"LV";3.11
"INDIC";"P-S";"OC6";"TOTAL";"T";"MT";NA
"INDIC";"P-S";"OC6";"TOTAL";"T";"NL";14.06
"INDIC";"P-S";"OC6";"TOTAL";"T";"PL";6.35
"INDIC";"P-S";"OC6";"TOTAL";"T";"PT";5.93
"INDIC";"P-S";"OC6";"TOTAL";"T";"RO";2.74
"INDIC";"P-S";"OC6";"TOTAL";"T";"SE";12.55
"INDIC";"P-S";"OC6";"TOTAL";"T";"SI";7.87
"INDIC";"P-S";"OC6";"TOTAL";"T";"SK";4.53
"INDIC";"P-S";"OC6";"TOTAL";"T";"UK";10.45
"INDIC";"P-S";"OC7";"TOTAL";"F";"AT";9.28
"INDIC";"P-S";"OC7";"TOTAL";"F";"BE";13.91
"INDIC";"P-S";"OC7";"TOTAL";"F";"BG";3.46
"INDIC";"P-S";"OC7";"TOTAL";"F";"CY";NA
"INDIC";"P-S";"OC7";"TOTAL";"F";"CZ";5.27
"INDIC";"P-S";"OC7";"TOTAL";"F";"DE";10.35
"INDIC";"P-S";"OC7";"TOTAL";"F";"DK";17.41
"INDIC";"P-S";"OC7";"TOTAL";"F";"EE";4.89
"INDIC";"P-S";"OC7";"TOTAL";"F";"EL";NA
"INDIC";"P-S";"OC7";"TOTAL";"F";"ES";9.68
"INDIC";"P-S";"OC7";"TOTAL";"F";"FI";11.31
"INDIC";"P-S";"OC7";"TOTAL";"F";"FR";10.82
"INDIC";"P-S";"OC7";"TOTAL";"F";"HR";NA
"INDIC";"P-S";"OC7";"TOTAL";"F";"HU";4.92
"INDIC";"P-S";"OC7";"TOTAL";"F";"IE";16.31
"INDIC";"P-S";"OC7";"TOTAL";"F";"IT";8.27
"INDIC";"P-S";"OC7";"TOTAL";"F";"LT";4.27
"INDIC";"P-S";"OC7";"TOTAL";"F";"LU";NA
"INDIC";"P-S";"OC7";"TOTAL";"F";"LV";3.51
"INDIC";"P-S";"OC7";"TOTAL";"F";"MT";NA
"INDIC";"P-S";"OC7";"TOTAL";"F";"NL";12.15
"INDIC";"P-S";"OC7";"TOTAL";"F";"PL";5.34
"INDIC";"P-S";"OC7";"TOTAL";"F";"PT";4.98
"INDIC";"P-S";"OC7";"TOTAL";"F";"RO";2.89
"INDIC";"P-S";"OC7";"TOTAL";"F";"SE";13.09
"INDIC";"P-S";"OC7";"TOTAL";"F";"SI";6.92
"INDIC";"P-S";"OC7";"TOTAL";"F";"SK";4.7
"INDIC";"P-S";"OC7";"TOTAL";"F";"UK";10.72
"INDIC";"P-S";"OC7";"TOTAL";"M";"AT";10.93
"INDIC";"P-S";"OC7";"TOTAL";"M";"BE";14.68
"INDIC";"P-S";"OC7";"TOTAL";"M";"BG";3.52
"INDIC";"P-S";"OC7";"TOTAL";"M";"CY";11.44
"INDIC";"P-S";"OC7";"TOTAL";"M";"CZ";6.09
"INDIC";"P-S";"OC7";"TOTAL";"M";"DE";13.85
"INDIC";"P-S";"OC7";"TOTAL";"M";"DK";18.48
"INDIC";"P-S";"OC7";"TOTAL";"M";"EE";4.86
"INDIC";"P-S";"OC7";"TOTAL";"M";"EL";NA
"INDIC";"P-S";"OC7";"TOTAL";"M";"ES";10.29
"INDIC";"P-S";"OC7";"TOTAL";"M";"FI";12.64
"INDIC";"P-S";"OC7";"TOTAL";"M";"FR";11.73
"INDIC";"P-S";"OC7";"TOTAL";"M";"HR";NA
"INDIC";"P-S";"OC7";"TOTAL";"M";"HU";5.06
"INDIC";"P-S";"OC7";"TOTAL";"M";"IE";21.77
"INDIC";"P-S";"OC7";"TOTAL";"M";"IT";9.66
"INDIC";"P-S";"OC7";"TOTAL";"M";"LT";3.48
"INDIC";"P-S";"OC7";"TOTAL";"M";"LU";18.96
"INDIC";"P-S";"OC7";"TOTAL";"M";"LV";4.08
"INDIC";"P-S";"OC7";"TOTAL";"M";"MT";10.68
"INDIC";"P-S";"OC7";"TOTAL";"M";"NL";13.25
"INDIC";"P-S";"OC7";"TOTAL";"M";"PL";6.56
"INDIC";"P-S";"OC7";"TOTAL";"M";"PT";7.17
"INDIC";"P-S";"OC7";"TOTAL";"M";"RO";2.99
"INDIC";"P-S";"OC7";"TOTAL";"M";"SE";13.96
"INDIC";"P-S";"OC7";"TOTAL";"M";"SI";7.97
"INDIC";"P-S";"OC7";"TOTAL";"M";"SK";5.31
"INDIC";"P-S";"OC7";"TOTAL";"M";"UK";12.99
"INDIC";"P-S";"OC7";"TOTAL";"T";"AT";10.65
"INDIC";"P-S";"OC7";"TOTAL";"T";"BE";14.63
"INDIC";"P-S";"OC7";"TOTAL";"T";"BG";3.51
"INDIC";"P-S";"OC7";"TOTAL";"T";"CY";11.49
"INDIC";"P-S";"OC7";"TOTAL";"T";"CZ";5.87
"INDIC";"P-S";"OC7";"TOTAL";"T";"DE";13.17
"INDIC";"P-S";"OC7";"TOTAL";"T";"DK";18.31
"INDIC";"P-S";"OC7";"TOTAL";"T";"EE";4.86
"INDIC";"P-S";"OC7";"TOTAL";"T";"EL";NA
"INDIC";"P-S";"OC7";"TOTAL";"T";"ES";10.23
"INDIC";"P-S";"OC7";"TOTAL";"T";"FI";12.37
"INDIC";"P-S";"OC7";"TOTAL";"T";"FR";11.32
"INDIC";"P-S";"OC7";"TOTAL";"T";"HR";NA
"INDIC";"P-S";"OC7";"TOTAL";"T";"HU";5.01
"INDIC";"P-S";"OC7";"TOTAL";"T";"IE";21.04
"INDIC";"P-S";"OC7";"TOTAL";"T";"IT";8.86
"INDIC";"P-S";"OC7";"TOTAL";"T";"LT";3.59
"INDIC";"P-S";"OC7";"TOTAL";"T";"LU";18.33
"INDIC";"P-S";"OC7";"TOTAL";"T";"LV";3.91
"INDIC";"P-S";"OC7";"TOTAL";"T";"MT";10.27
"INDIC";"P-S";"OC7";"TOTAL";"T";"NL";13.05
"INDIC";"P-S";"OC7";"TOTAL";"T";"PL";6.43
"INDIC";"P-S";"OC7";"TOTAL";"T";"PT";6.47
"INDIC";"P-S";"OC7";"TOTAL";"T";"RO";2.96
"INDIC";"P-S";"OC7";"TOTAL";"T";"SE";13.89
"INDIC";"P-S";"OC7";"TOTAL";"T";"SI";7.7
"INDIC";"P-S";"OC7";"TOTAL";"T";"SK";5.22
"INDIC";"P-S";"OC7";"TOTAL";"T";"UK";12.76
"INDIC";"P-S";"OC8";"TOTAL";"F";"AT";8.16
"INDIC";"P-S";"OC8";"TOTAL";"F";"BE";12.7
"INDIC";"P-S";"OC8";"TOTAL";"F";"BG";2.76
"INDIC";"P-S";"OC8";"TOTAL";"F";"CY";NA
"INDIC";"P-S";"OC8";"TOTAL";"F";"CZ";4.35
"INDIC";"P-S";"OC8";"TOTAL";"F";"DE";9.24
"INDIC";"P-S";"OC8";"TOTAL";"F";"DK";15.19
"INDIC";"P-S";"OC8";"TOTAL";"F";"EE";4.23
"INDIC";"P-S";"OC8";"TOTAL";"F";"EL";NA
"INDIC";"P-S";"OC8";"TOTAL";"F";"ES";7.24
"INDIC";"P-S";"OC8";"TOTAL";"F";"FI";9.76
"INDIC";"P-S";"OC8";"TOTAL";"F";"FR";9.46
"INDIC";"P-S";"OC8";"TOTAL";"F";"HR";NA
"INDIC";"P-S";"OC8";"TOTAL";"F";"HU";4.59
"INDIC";"P-S";"OC8";"TOTAL";"F";"IE";10.99
"INDIC";"P-S";"OC8";"TOTAL";"F";"IT";9.02
"INDIC";"P-S";"OC8";"TOTAL";"F";"LT";3.65
"INDIC";"P-S";"OC8";"TOTAL";"F";"LU";NA
"INDIC";"P-S";"OC8";"TOTAL";"F";"LV";4.78
"INDIC";"P-S";"OC8";"TOTAL";"F";"MT";NA
"INDIC";"P-S";"OC8";"TOTAL";"F";"NL";10.64
"INDIC";"P-S";"OC8";"TOTAL";"F";"PL";4.51
"INDIC";"P-S";"OC8";"TOTAL";"F";"PT";4.84
"INDIC";"P-S";"OC8";"TOTAL";"F";"RO";3.35
"INDIC";"P-S";"OC8";"TOTAL";"F";"SE";12.09
"INDIC";"P-S";"OC8";"TOTAL";"F";"SI";6.53
"INDIC";"P-S";"OC8";"TOTAL";"F";"SK";4.32
"INDIC";"P-S";"OC8";"TOTAL";"F";"UK";9.97
"INDIC";"P-S";"OC8";"TOTAL";"M";"AT";11.2
"INDIC";"P-S";"OC8";"TOTAL";"M";"BE";13.52
"INDIC";"P-S";"OC8";"TOTAL";"M";"BG";3.42
"INDIC";"P-S";"OC8";"TOTAL";"M";"CY";9.98
"INDIC";"P-S";"OC8";"TOTAL";"M";"CZ";6.14
"INDIC";"P-S";"OC8";"TOTAL";"M";"DE";10.52
"INDIC";"P-S";"OC8";"TOTAL";"M";"DK";17.48
"INDIC";"P-S";"OC8";"TOTAL";"M";"EE";4.99
"INDIC";"P-S";"OC8";"TOTAL";"M";"EL";NA
"INDIC";"P-S";"OC8";"TOTAL";"M";"ES";10.86
"INDIC";"P-S";"OC8";"TOTAL";"M";"FI";10.6
"INDIC";"P-S";"OC8";"TOTAL";"M";"FR";10.81
"INDIC";"P-S";"OC8";"TOTAL";"M";"HR";NA
"INDIC";"P-S";"OC8";"TOTAL";"M";"HU";5.38
"INDIC";"P-S";"OC8";"TOTAL";"M";"IE";15.56
"INDIC";"P-S";"OC8";"TOTAL";"M";"IT";9.82
"INDIC";"P-S";"OC8";"TOTAL";"M";"LT";4.13
"INDIC";"P-S";"OC8";"TOTAL";"M";"LU";13.28
"INDIC";"P-S";"OC8";"TOTAL";"M";"LV";4.63
"INDIC";"P-S";"OC8";"TOTAL";"M";"MT";10.52
"INDIC";"P-S";"OC8";"TOTAL";"M";"NL";11.78
"INDIC";"P-S";"OC8";"TOTAL";"M";"PL";6.62
"INDIC";"P-S";"OC8";"TOTAL";"M";"PT";5.95
"INDIC";"P-S";"OC8";"TOTAL";"M";"RO";3.78
"INDIC";"P-S";"OC8";"TOTAL";"M";"SE";12.35
"INDIC";"P-S";"OC8";"TOTAL";"M";"SI";8.48
"INDIC";"P-S";"OC8";"TOTAL";"M";"SK";5.47
"INDIC";"P-S";"OC8";"TOTAL";"M";"UK";9.91
"INDIC";"P-S";"OC8";"TOTAL";"T";"AT";9.96
"INDIC";"P-S";"OC8";"TOTAL";"T";"BE";13.35
"INDIC";"P-S";"OC8";"TOTAL";"T";"BG";3.38
"INDIC";"P-S";"OC8";"TOTAL";"T";"CY";8.93
"INDIC";"P-S";"OC8";"TOTAL";"T";"CZ";5.54
"INDIC";"P-S";"OC8";"TOTAL";"T";"DE";9.94
"INDIC";"P-S";"OC8";"TOTAL";"T";"DK";17.11
"INDIC";"P-S";"OC8";"TOTAL";"T";"EE";4.65
"INDIC";"P-S";"OC8";"TOTAL";"T";"EL";NA
"INDIC";"P-S";"OC8";"TOTAL";"T";"ES";10.3
"INDIC";"P-S";"OC8";"TOTAL";"T";"FI";10.08
"INDIC";"P-S";"OC8";"TOTAL";"T";"FR";10.53
"INDIC";"P-S";"OC8";"TOTAL";"T";"HR";NA
"INDIC";"P-S";"OC8";"TOTAL";"T";"HU";5.3
"INDIC";"P-S";"OC8";"TOTAL";"T";"IE";14.57
"INDIC";"P-S";"OC8";"TOTAL";"T";"IT";9.45
"INDIC";"P-S";"OC8";"TOTAL";"T";"LT";4.06
"INDIC";"P-S";"OC8";"TOTAL";"T";"LU";12.09
"INDIC";"P-S";"OC8";"TOTAL";"T";"LV";4.65
"INDIC";"P-S";"OC8";"TOTAL";"T";"MT";10.11
"INDIC";"P-S";"OC8";"TOTAL";"T";"NL";11.37
"INDIC";"P-S";"OC8";"TOTAL";"T";"PL";6.43
"INDIC";"P-S";"OC8";"TOTAL";"T";"PT";5.75
"INDIC";"P-S";"OC8";"TOTAL";"T";"RO";3.73
"INDIC";"P-S";"OC8";"TOTAL";"T";"SE";12.25
"INDIC";"P-S";"OC8";"TOTAL";"T";"SI";7.46
"INDIC";"P-S";"OC8";"TOTAL";"T";"SK";5.3
"INDIC";"P-S";"OC8";"TOTAL";"T";"UK";9.92
"INDIC";"P-S";"OC9";"TOTAL";"F";"AT";9.28
"INDIC";"P-S";"OC9";"TOTAL";"F";"BE";12.55
"INDIC";"P-S";"OC9";"TOTAL";"F";"BG";2.68
"INDIC";"P-S";"OC9";"TOTAL";"F";"CY";7.15
"INDIC";"P-S";"OC9";"TOTAL";"F";"CZ";3.9
"INDIC";"P-S";"OC9";"TOTAL";"F";"DE";10.37
"INDIC";"P-S";"OC9";"TOTAL";"F";"DK";13.71
"INDIC";"P-S";"OC9";"TOTAL";"F";"EE";3.12
"INDIC";"P-S";"OC9";"TOTAL";"F";"EL";NA
"INDIC";"P-S";"OC9";"TOTAL";"F";"ES";7.71
"INDIC";"P-S";"OC9";"TOTAL";"F";"FI";10.38
"INDIC";"P-S";"OC9";"TOTAL";"F";"FR";9.42
"INDIC";"P-S";"OC9";"TOTAL";"F";"HR";NA
"INDIC";"P-S";"OC9";"TOTAL";"F";"HU";4.29
"INDIC";"P-S";"OC9";"TOTAL";"F";"IE";14.13
"INDIC";"P-S";"OC9";"TOTAL";"F";"IT";9.58
"INDIC";"P-S";"OC9";"TOTAL";"F";"LT";2.94
"INDIC";"P-S";"OC9";"TOTAL";"F";"LU";12.75
"INDIC";"P-S";"OC9";"TOTAL";"F";"LV";2.84
"INDIC";"P-S";"OC9";"TOTAL";"F";"MT";7.76
"INDIC";"P-S";"OC9";"TOTAL";"F";"NL";10.82
"INDIC";"P-S";"OC9";"TOTAL";"F";"PL";5.15
"INDIC";"P-S";"OC9";"TOTAL";"F";"PT";4.87
"INDIC";"P-S";"OC9";"TOTAL";"F";"RO";2.42
"INDIC";"P-S";"OC9";"TOTAL";"F";"SE";11.08
"INDIC";"P-S";"OC9";"TOTAL";"F";"SI";5.84
"INDIC";"P-S";"OC9";"TOTAL";"F";"SK";3.87
"INDIC";"P-S";"OC9";"TOTAL";"F";"UK";8.04
"INDIC";"P-S";"OC9";"TOTAL";"M";"AT";10.2
"INDIC";"P-S";"OC9";"TOTAL";"M";"BE";11.81
"INDIC";"P-S";"OC9";"TOTAL";"M";"BG";2.76
"INDIC";"P-S";"OC9";"TOTAL";"M";"CY";8.87
"INDIC";"P-S";"OC9";"TOTAL";"M";"CZ";4.42
"INDIC";"P-S";"OC9";"TOTAL";"M";"DE";9.86
"INDIC";"P-S";"OC9";"TOTAL";"M";"DK";13.84
"INDIC";"P-S";"OC9";"TOTAL";"M";"EE";3.65
"INDIC";"P-S";"OC9";"TOTAL";"M";"EL";NA
"INDIC";"P-S";"OC9";"TOTAL";"M";"ES";8.12
"INDIC";"P-S";"OC9";"TOTAL";"M";"FI";9.52
"INDIC";"P-S";"OC9";"TOTAL";"M";"FR";8.24
"INDIC";"P-S";"OC9";"TOTAL";"M";"HR";NA
"INDIC";"P-S";"OC9";"TOTAL";"M";"HU";4.63
"INDIC";"P-S";"OC9";"TOTAL";"M";"IE";18.15
"INDIC";"P-S";"OC9";"TOTAL";"M";"IT";9.75
"INDIC";"P-S";"OC9";"TOTAL";"M";"LT";3.1
"INDIC";"P-S";"OC9";"TOTAL";"M";"LU";9.84
"INDIC";"P-S";"OC9";"TOTAL";"M";"LV";3.13
"INDIC";"P-S";"OC9";"TOTAL";"M";"MT";9.15
"INDIC";"P-S";"OC9";"TOTAL";"M";"NL";11.05
"INDIC";"P-S";"OC9";"TOTAL";"M";"PL";5.73
"INDIC";"P-S";"OC9";"TOTAL";"M";"PT";5.66
"INDIC";"P-S";"OC9";"TOTAL";"M";"RO";2.51
"INDIC";"P-S";"OC9";"TOTAL";"M";"SE";11.61
"INDIC";"P-S";"OC9";"TOTAL";"M";"SI";6.66
"INDIC";"P-S";"OC9";"TOTAL";"M";"SK";4.55
"INDIC";"P-S";"OC9";"TOTAL";"M";"UK";9.1
"INDIC";"P-S";"OC9";"TOTAL";"T";"AT";9.5
"INDIC";"P-S";"OC9";"TOTAL";"T";"BE";12.29
"INDIC";"P-S";"OC9";"TOTAL";"T";"BG";2.7
"INDIC";"P-S";"OC9";"TOTAL";"T";"CY";7.57
"INDIC";"P-S";"OC9";"TOTAL";"T";"CZ";3.95
"INDIC";"P-S";"OC9";"TOTAL";"T";"DE";10.26
"INDIC";"P-S";"OC9";"TOTAL";"T";"DK";13.75
"INDIC";"P-S";"OC9";"TOTAL";"T";"EE";3.21
"INDIC";"P-S";"OC9";"TOTAL";"T";"EL";NA
"INDIC";"P-S";"OC9";"TOTAL";"T";"ES";7.79
"INDIC";"P-S";"OC9";"TOTAL";"T";"FI";10.26
"INDIC";"P-S";"OC9";"TOTAL";"T";"FR";9.17
"INDIC";"P-S";"OC9";"TOTAL";"T";"HR";NA
"INDIC";"P-S";"OC9";"TOTAL";"T";"HU";4.38
"INDIC";"P-S";"OC9";"TOTAL";"T";"IE";15.26
"INDIC";"P-S";"OC9";"TOTAL";"T";"IT";9.64
"INDIC";"P-S";"OC9";"TOTAL";"T";"LT";2.99
"INDIC";"P-S";"OC9";"TOTAL";"T";"LU";11.85
"INDIC";"P-S";"OC9";"TOTAL";"T";"LV";2.92
"INDIC";"P-S";"OC9";"TOTAL";"T";"MT";8.47
"INDIC";"P-S";"OC9";"TOTAL";"T";"NL";10.85
"INDIC";"P-S";"OC9";"TOTAL";"T";"PL";5.24
"INDIC";"P-S";"OC9";"TOTAL";"T";"PT";5.01
"INDIC";"P-S";"OC9";"TOTAL";"T";"RO";2.45
"INDIC";"P-S";"OC9";"TOTAL";"T";"SE";11.18
"INDIC";"P-S";"OC9";"TOTAL";"T";"SI";5.91
"INDIC";"P-S";"OC9";"TOTAL";"T";"SK";3.96
"INDIC";"P-S";"OC9";"TOTAL";"T";"UK";8.32
